序號,主編碼,又音,又音類型(1.又唸作 2.俗唸作 3.合音唸作)
2,43,tsi̍t-táu-kú-á,1
3,72,tsa̍p-jī-tsí-tn̂g/tsa̍p-lī-tsí-tn̂g,1
4,76,tshit-si̍k,1
5,81,tiau-kang,1
6,123,thiau-tî,1
7,124,thiau-kòo-ì,1
8,129,jîn-guân/lîn-guân,1
9,141,jîn-sam/lîn-sam,1
10,141,jîn-som/lîn-som,1
11,160,ji̍p-ha̍k/li̍p-ha̍k,1
12,167,tiau-lân,1
13,168,jîn-kuân/lîn-kuân,1
14,184,ā,1
15,187,hān,1
16,232,siāng-kú,1
17,252,siáu-thiúnn-á,1
18,263,thóo-ba̍k,1
19,287,siāng-ke,1
20,307,kiú-ióng,2
21,314,siāng hó,1
22,315,ā-hó,1
23,317,Thóo-lī-kong,1
24,354,siáu-jî-kho/siáu-lî-kho,1
25,359,tuā-tsé,1
26,372,ē-hng,1
27,372,enn-hng,1
28,372,i̋ng,3
29,374,enn-hng-àm,1
30,374,ing-àm,3
31,381,tshiūnn-tshenn-tî/tshiūnn-tshinn-tî,1
32,393,ā sī,1
33,439,e-tàu,1
34,439,ēnn-tàu,1
35,440,e-poo,1
36,456,kan-tann,1
37,456,kan-ta,1
38,459,kang-thîng,1
39,460,kang-thîng-su,1
40,464,thóo-pa̍t-á,1
41,470,suann-sì,1
42,472,enn-àm,1
43,484,tuā-bak-tóo,1
44,507,siāng kín,1
45,510,siāng-kài,1
46,511,siáu-suat,1
47,535,ē-huâi,1
48,536,tuā-o̍h,1
49,537,sió-o̍h,1
50,544,siāng-thâu-á,1
51,545,tuā-thâu-bó,1
52,551,siāng tsē/siāng tsuē,1
53,552,tsiūnn-siann,1
54,552,siōng-siann,1
55,559,ē-khok,1
56,559,ē-gok,1
57,623,lāi-sim,1
58,637,ta̋nn,3
59,645,kang-bú,1
60,652,hoo,3
61,685,lāi-tsìng,1
62,705,lāi-iông,1
63,719,put-tit-liáu,1
64,720,put-tit-í,1
65,729,lāi-pōo,1
66,732,kong-ú,2
67,744,pun-khui,1
68,765,lāi-koh,1
69,769,tiong-o̍h,1
70,790,páinn,1
71,791,jīm/līm,1
72,817,phái,1
73,820,moo,1
74,835,tshiú-ē,1
75,847,thian-tsénn/thian-tsínn,1
76,881,thài-phîng,1
77,884,tsuí-bú,1
78,888,khiàm-iōng,1
79,890,tsuí-tiân,1
80,905,thian-tē/thian-tuē,1
81,928,bo̍k-jí,1
82,928,bo̍k-mí,1
83,931,m̄-niā,1
84,942,bo̍k-tshâi,1
85,958,hong-gân,1
86,999,m̄-ti̍nnh,1
87,1027,ngóo-sî,1
88,1029,thinn-sî,1
89,1031,m̄ pat,1
90,1036,bûn-si,1
91,1057,sim-tsiânn,1
92,1061,sin-sóng,1
93,1062,thinn-lí,1
94,1067,bûn-tsiunn,1
95,1075,bo̍k-mâ-hông,1
96,1079,phí-jū/phí-lū,1
97,1104,thian-ì,1
98,1118,pháinn-bak-tóo,1
99,1124,m̄-kò,1
100,1124,m̄-kù,1
101,1140,tshiú-tsí-phōo-á,1
102,1166,bûn-pîn,1
103,1197,píng-lìn-tńg,1
104,1202,suí-ke/suí-kue,1
105,1213,tshiú-long,1
106,1239,gû-bú,1
107,1272,gû-tshuì-lam,1
108,1301,hué-ke-bú/hé-kue-bú,1
109,1315,kâng,1
110,1336,hiann-tī-tsí-muāi,1
111,1345,kāng-pē-koh-bó,1
112,1361,tāi-si,1
113,1362,tshian-tsháu,1
114,1377,tshé-bān,1
115,1385,tsú-kuân,1
116,1400,khá,1
117,1408,tho,1
118,1415,khónn,1
119,1422,puànn-thenn-tó,1
120,1448,sù-hong,1
121,1492,khónn-phànn,1
122,1502,puànn-sìn-puànn-gî,1
123,1519,tshut-tshe,1
124,1532,khónn-lîng,1
125,1545,ke-thinn,1
126,1560,khónn-ònn,1
127,1561,khónn-náu,1
128,1602,sì-khoo-lìn-tńg,1
129,1630,khiò-siā,1
130,1690,tsiann-gue̍h/tsiann-ge̍h,1
131,1696,bó-á-kiánn,1
132,1698,ling-bó/ni-bó,1
133,1704,ling-bó-tshia/ni-bó-tshia,1
134,1708,bó-kiánn-í,1
135,1717,bó-kīm,1
136,1719,tá-pān,1
137,1725,bú-sin,1
138,1739,bú--ê,1
139,1742,bú-kim,1
140,1759,ka-tsiah,1
141,1761,ka-tsiah-āu,1
142,1762,ka-tsiah-phiann,1
143,1764,tiám-má-ka,1
144,1765,tiám-má-ka-lōo,1
145,1770,tá-thàm,1
146,1772,tá-tháng,1
147,1775,tsiànn-thóng,1
148,1779,tsiànn-tôo,1
149,1805,bó-kū,1
150,1806,bó-kū-kong,1
151,1812,sit-ngōo,1
152,1820,bió-tshin,1
153,1820,bóo-tshin,1
154,1823,bó-tsînn,1
155,1828,tá-kik,1
156,1835,tá-jiáu/tá-liáu,1
157,1842,bó-thé,1
158,1843,sit-thé-biān,1
159,1877,pe̍h-lāi-tsiòng,1
160,1881,pe̍h-bo̍k-jí,1
161,1882,gio̍k-á,1
162,1892,tshenn-hūn/tshinn-hūn,1
163,1893,tshenn-hūn-lâng/tshinn-hūn-lâng,1
164,1900,senn-tsiânn/sinn-tsiânn,1
165,1909,tsio̍h-gám,1
166,1926,ba̍k-tsîng,1
167,1949,pi̍k-tài,1
168,1969,si̍k-kám-tong,1
169,1987,ba̍k-tsia̍p-mn̂g,1
170,2008,bo̍k-phiau,1
171,2023,bo̍k-lio̍k,1
172,2069,sin-senn,1
173,2069,sian-senn,1
174,2070,sin-senn-niû,1
175,2070,sian-senn-niû,1
176,2071,sin-senn-má,1
177,2071,sian-senn-má,1
178,2159,gín-á-siàng,1
179,2204,uî-kip,2
180,2209,ha̍p-ke,1
181,2220,miâ-bōng,1
182,2238,ìn-sióng,2
183,2258,tông-o̍h,1
184,2259,uî-ki,2
185,2263,huî-hiám,1
186,2263,uî-hiám,2
187,2284,jî/lî,1
188,2289,tsiúnn,1
189,2297,nî,1
190,2309,tshûn-sim,1
191,2318,jī-bó/lī-bó,1
192,2328,jî-tshú/lî-tshú,1
193,2330,jî-tshú-jî-tshú/lî-tshú-lî-tshú,1
194,2343,Jû-lâi-hu̍t-tsóo/Lû-lâi-hu̍t-tsóo,1
195,2350,tsiúnn khang-pâng,1
196,2359,an-ke,1
197,2386,tsûn-khuánn,1
198,2406,tsiúnn-kuánn,1
199,2417,an-iúnn,1
200,2485,sí-gín-á-thenn,1
201,2517,tsái-sî-á,3
202,2528,tsái-khí,2
203,2529,tsái-khí-tǹg,2
204,2530,khàu-tî,1
205,2559,ū-lōo-iōng,1
206,2561,tsái-tǹg,2
207,2605,jí,1
208,2639,iûnn-môo-sann,1
209,2652,iûnn-bú,1
210,2654,lāu-bó,1
211,2658,jí-bo̍k,1
212,2750,kang-ngôo,1
213,2756,lāu-huan-thian,1
214,2779,hiat-lōo,1
215,2812,bí-ko-muâi,1
216,2853,se-sit,1
217,2875,tá,1
218,2876,tah,1
219,2894,tshng-tshiú,1
220,2898,pu̍t-tshiú-kue,1
221,2900,hu̍t-á,1
222,2907,tuē,3
223,2930,Hu̍t-tsóo,1
224,2932,pu̍t-tn̂g,1
225,2933,Pu̍t-kàu,1
227,2944,pu̍t-siōng,1
228,2945,tsoh-piah,2
229,2993,khi̍p-tsio̍h,1
230,3008,lī-sit,1
231,3040,gám-á,1
232,3046,kham-kham-khia̍t-khia̍t,2
233,3060,tsē-siâm,1
234,3064,biāu,1
235,3119,hi-bōng,1
236,3151,bông,1
237,3156,náu,1
238,3160,gîm,1
239,3161,pan,1
240,3161,penn,1
241,3171,khī-ji̍t/khī-li̍t,1
242,3173,Tshn̂g-bó,1
243,3174,gió kha-tshng,1
244,3176,pí-iū,1
245,3178,kī-tshn̂g,1
246,3184,khuànn-ua̍h,1
247,3189,jím-khì,1
248,3203,pan--kuè-lâi/pan--kè-lâi,1
249,3203,penn--kuè-lâi/penn--kè-lâi,1
250,3217,iah,1
251,3217,a̍h,1
252,3217,ah,1
253,3234,tshuan,1
254,3250,iah-sī,1
255,3250,a̍h-sī,1
256,3250,ah-sī,1
257,3256,tshâi-liāu,1
258,3259,tōo-ún-á,1
259,3285,phue-long,1
260,3294,thài,1
261,3296,tiâm,1
262,3334,sua-bôo,2
263,3401,gân,1
264,3415,gún,1
265,3442,tāu-jí/tāu-lí,1
266,3442,tāu-jínn,1
267,3457,kìnn-nā,1
268,3472,tsáu-tshiàng,1
269,3483,tshia-tsiáng,1
270,3552,laih,3
271,3552,la̋i,3
272,3560,jí-miâ/lí-miâ,1
273,3564,hióng-siū,1
274,3567,phuè-ho̍k,2
275,3568,kai-tsài,1
276,3584,ân-phiánn,3
277,3584,iân-phiánn,3
278,3585,ân-suànn,3
279,3585,iân-suànn,3
280,3587,hióng-hok,1
281,3590,i-lāi,1
282,3650,tsik-peh-tsí-muāi,1
283,3671,siūnn-khì,1
284,3685,siū-tng-bē-khí/siū-tng-buē-khí,1
285,3691,hia̍p-tiāu,1
286,3693,tshì-khik,1
287,3712,hâm,1
288,3717,phênn/phînn,1
289,3717,phiânn,1
290,3722,thán-pe̍h,1
291,3785,tsé-hu,1
292,3787,tsé--á,1
293,3790,Tsiáu-bó,1
294,3795,kî-biāu,1
295,3796,tsí-muāi,1
296,3797,tsí-muāi-á-phuānn,1
297,3801,uí-guân,1
298,3856,kuann-guân,1
299,3857,tiàm-guân,1
300,3861,tīng-tsò/tīng-tsuè,1
301,3870,kuì-tsiat,1
302,3906,íng-ji̍t/íng-li̍t,1
303,3914,íng-nî,1
304,3938,hit-hō,1
305,3954,piann,1
306,3959,liu,1
307,4000,phàng-kiàn,3
308,4000,phàng-kìnn,3
309,4019,khioh-kiánn-bó,1
310,4028,piànn-hueh/piànn-huih,1
311,4035,té-khòng,1
312,4049,té-ah,1
313,4061,phah-ka-tshiùnn,1
314,4069,tsiau-tāi,1
315,4085,pàng-sat,1
316,4102,sóo-tit,1
317,4103,sóo-tit-suè/sóo-tit-sè,1
318,4105,tú-bueh,1
319,4113,phah-mâ-tshiok,1
320,4113,phah-bâ-tshiok,1
321,4138,phah-pōng-siû,1
322,4145,phō-khiam,2
323,4161,thiu-ti-bú-suè/thiu-tu-bú-sè,1
324,4174,phann-lìn-táu,1
325,4190,liu-tshiam,1
326,4194,liu-khau,1
327,4220,miâ-á-ji̍t/miâ-á-li̍t,1
328,4222,miâ-á-tsá-khí,1
329,4222,bîn-á-tsái-khí,2
330,4223,miâ-á-àm,1
331,4224,miâ-á-tsài,1
332,4227,mâ-nî,1
333,4227,muâ-nî,1
334,4231,Nâ-tâu-tsé--á,1
335,4238,bîng-sing,1
336,4253,ná-pa̍t-á,1
337,4255,ia̍h-king,1
338,4261,tsím-thâu-long,1
339,4322,ám-muâi-á,1
340,4335,tsháu,1
341,4339,pa,1
342,4346,káu-kām-á,1
343,4355,káu-bú,1
344,4356,káu-bú-hî/káu-bú-hû,1
345,4514,í,1
346,4526,khiû-moo,1
347,4526,khiû-môo,1
348,4528,bûn-hōo,1
349,4540,a-bó,1
350,4550,tióng-ló,1
351,4569,piáu-tsé,1
352,4571,a-tsé,1
353,4574,a-pa,1
354,4574,a-pâ,1
355,4621,gîng-tsih,1
356,4621,ngiâ-tsih,1
357,4648,kim-póng,1
358,4658,giâ-nāu-jia̍t/giâ-nāu-lia̍t,1
359,4660,giâ-ting,1
360,4674,mn̂g-nî,1
361,4697,piān-muî-lâng,1
362,4725,pó-tsìng,1
363,4728,sìn-ióng,2
364,4746,kuàn-kun,1
365,4767,pó-uī,1
366,4787,leh,1
367,4809,ai-pē-kiò-bó,1
369,4849,khè-bó,1
370,4863,im-iân,2
371,4877,tōo-sió-gua̍t,1
372,4892,sái-pe-khí,1
373,4893,pang-tiâu,1
374,4932,hiō-tāi,1
375,4937,āu-bó,1
376,4939,āu-bó-bīn,1
377,4962,phián-si̍t,1
378,4966,hōo-hué,1
379,4973,hue-ho̍k,2
380,4975,hiō-sû,2
381,4982,tsáinn-iūnn,1
382,4983,āu-puè,1
383,4985,pín-tann,1
384,5014,ia̍h,1
385,5029,ia̍h-sái,1
386,5032,tsa̍h-hng,1
387,5032,tsa̋ng,3
388,5035,sū-hui,2
389,5038,án-nuá,1
390,5038,án-ná,1
391,5047,àn-be̍h,1
392,5056,ia̍h-tio̍h,1
393,5062,tshun-tsiat,1
394,5066,kòo-tsiòng,1
395,5068,thiau-tsiàn,1
396,5076,tsìng-kuân,1
397,5095,móo-mí-lâng,1
398,5112,tsa̋u-kán,3
399,5113,tsa̋u-lâng,3
400,5114,tsa̋u-kiánn,3
401,5115,tsa̋u-gín-á,3
402,5117,tsa̋u-sun,3
403,5119,tsa̋u-king,3
404,5153,khò-huānn,1
405,5178,khó-thâu-muâi,1
406,5196,liû-suí,1
407,5196,lâu-suí,1
408,5209,ua̍h-tōng,1
409,5210,ua̍h-bueh,1
410,5220,tsà-tân,1
411,5221,ua̍t-phuat,1
412,5236,kuì,1
413,5242,siang,1
414,5243,siàng,1
415,5246,sio-siâng,1
416,5248,siùnn-kang,1
417,5251,sio-kâng,1
418,5259,sann-kìnn,1
419,5269,sann-tsenn/sann-tsinn,1
420,5283,sio-pat,1
421,5298,suan-lôo,1
422,5311,sann-su,1
423,5317,sio-jióng,1
424,5353,tshio-tshìn,1
425,5354,kho-guân,1
426,5365,thu̍t-jiân/thu̍t-liân,1
427,5375,phînn-sng,1
428,5402,âng-bûn-thôo,1
429,5408,nāi-īng,1
430,5444,uī-huì-iông,1
431,5444,uī-huī-iông,1
432,5472,ām,1
433,5504,ná-tshan-tshiūnn,1
434,5555,kè-tîng-tshia,1
435,5555,khè-thîng-tshia,1
436,5572,kè-biô,1
437,5578,kun-kàm,2
438,5620,tsia̍h-mi̍h/tsia̍h-mn̍gh,1
439,5621,hong-hōo,1
440,5635,tsia̍h-ka-tī,1
441,5652,hui-niáu,1
442,5659,hiunn-koo-bah-muâi,1
443,5751,tsioh-īng,1
444,5769,hāu-be̍h,1
445,5794,hiō-suán-jîn/hiō-suán-lîn,1
446,5800,tshìn-muâi,1
447,5811,guân,1
448,5821,--hmh,1
449,5834,nà-buē/nà-bē,1
450,5848,khàu-pē-khàu-bó,1
451,5852,ko-ko,1
452,5920,ka-tī,1
453,5921,ka-tī-lâng,1
454,5923,tsha̋u-to,3
455,5923,tsha̋u,3
456,5928,sai-hiann,1
457,5930,su-bó,1
458,5946,tshe-kah,1
459,5950,tián-khui,1
460,5957,kiong-biō,1
461,5991,in-tsîng,1
462,5996,in-ài,1
463,6000,kûn-thâu-bó,1
464,6014,pat,1
465,6019,pô,1
466,6022,ji̍h,1
467,6036,pat-jī/pat-lī,1
469,6053,bán-be̍h,1
470,6066,pat-huè/pat-hè,1
471,6073,pat-siūnn,1
472,6077,ji̍h tiān-lîng,1
473,6091,tshia-lìn-táu,1
474,6099,si,1
475,6143,sâ-se,1
476,6147,hu̍t-lîng,1
477,6171,hop,1
478,6185,kit-á,1
479,6196,hái-gān,1
480,6201,tsìng-khī,2
481,6210,hái-iang,1
482,6212,phû-thām,1
483,6213,hái-sam,1
484,6213,hái-som,1
485,6214,thài-kok-pa̍t-á,1
486,6219,hái-sán-muâi,1
487,6232,hái-tiùnn,1
488,6260,oo-mng,1
489,6300,oo-muâi-á-tsiú,1
490,6328,oo-lo̍k-tōo,1
491,6343,oo-niau-tsé--á,1
492,6347,oo-lîng-á,1
493,6353,ti̍k-kuân,1
494,6354,liông,1
495,6377,liông-puē,1
496,6411,mn̂g-tshn̂g,1
497,6420,pì-si,1
498,6431,phuà-khui,1
499,6442,phò-hāi,1
500,6457,sîn-tsí-pâi-á,1
501,6481,hún-tshiân,2
502,6527,pê-kut,1
503,6542,sua-thang,1
504,6552,be̍h,1
505,6555,tsn̄g,1
506,6555,tsī,1
507,6576,ka-pe̍h-sún,1
508,6620,tshàu-tshènn-kong/tshàu-tshìnn-kong,1
509,6659,bē-īng-tsit/buē-īng-tsit,1
510,6659,bē-īng-lit/buē-īng-lit,1
511,6659,bē-īng-eh/buē-īng-eh,1
512,6666,bē-saih/buē-saih,1
513,6667,bē-saih-tsit/buē-saih-tsit,1
514,6667,bē-saih-lit/buē-siah-lit,1
515,6667,bē-saih-eh/buē-saih-eh,1
516,6669,lāi-tsi,1
517,6675,bē-kì-tsit/buē-kì-tsit,1
518,6675,bē-kì-lit/buē-kì-lit,1
519,6675,bē-kì-eh/buē-kì-eh,1
520,6679,bē-kham-tsit/buē-kham-tsit,1
521,6679,bē-kham-lit/buē-kham-lit,1
522,6679,bē-kham-eh/buē-kham-eh,1
523,6684,bē-hiáng/buē-hiáng,1
524,6687,bē-kóng-tsit/buē-kóng-tsit,1
525,6687,bē-kóng-lit/buē-kóng-lit,1
526,6687,bē-kóng-eh/buē-kóng-eh,1
527,6751,suan-siah,1
528,6758,khí-tshìn-mooh,1
529,6771,khí-tîng,1
530,6782,khí-tiànn,1
531,6794,suan-siâu,1
532,6796,khí-bé,1
533,6803,tô-phiah,2
534,6805,khí-ke-bú-phuê/khí-kue-bú-phê,1
535,6830,má-siāng,1
536,6842,tî-miâ,1
537,6850,ko-siōng,1
538,6887,siám-khui,1
539,6906,tàu-nāu-jia̍t/tàu-nāu-lia̍t,1
540,6916,siám-phiah,2
541,6925,ko-lê-sam,1
542,6925,ko-lê-som,1
543,6934,juā,1
544,6934,luā,1
545,7001,tsò-tsng/tsuè-tsng,1
546,7012,juā-nī,1
547,7012,luā-nī,1
548,7022,juā-tsē/juā-tsuē,1
549,7022,luā-tsē/luā-tsuē,1
550,7056,sam-á,1
551,7056,som-á,1
552,7066,tōng-guân,1
553,7069,som-jiông/som-liông,1
554,7072,khu-i̍k,1
555,7082,tsham-siâng,1
556,7085,siong-piau,1
557,7092,sánn,1
558,7106,siáng,3
559,7106,siâng,3
560,7116,kàu-iōng,1
561,7168,tsiàng-tsâi,1
562,7192,siok-bo̍k,2
563,7197,tsuan-kuân,1
564,7231,khong-kiānn,1
566,7295,tshinn-tshám,1
567,7296,tshinn-tshám-lo̍k-phik,1
568,7297,sioh-hok,1
569,7300,tsîng-sû,1
570,7339,kháinn,1
571,7347,kuà-sim,1
572,7358,tshái-īng,1
573,7364,tshui-hîng,1
574,7374,sàu-tsiú,1
575,7374,sàu-siú,1
576,7376,sàu-tsiú-tshenn/sàu-tsiú-tshinn,1
577,7376,sàu-siú-tshenn/sàu-siú-tshinn,1
578,7380,am-ko̍k-ke/am-ko̍k-kue,1
579,7383,kàu-guân,1
580,7407,tshui-tshik,1
581,7414,tshui-tsìn,1
582,7428,tshui-kóng,1
583,7429,khuà-lī/khuà-lū,1
584,7430,thui-tshiâu,1
585,7431,tshui-lūn,1
586,7432,tshui-siau,1
587,7442,tshái-káng,2
588,7446,tsiap-sio̍k,2
589,7467,muâi,1
590,7471,muâi-á,1
591,7472,muâi-á-piánn,1
592,7478,muâi-to̍k,1
593,7507,bueh-sí-bueh-ua̍h,1
594,7508,bueh-nî,1
595,7510,bueh-tsai,1
596,7521,tiâu-khuánn,1
597,7525,bueh-àm-á,1
598,7529,khì-kuân,1
599,7570,khín-bîn,1
600,7590,tshing-muâi,1
601,7613,hiān-tsú-sî,1
602,7630,kiû-pe,1
603,7672,a̍h-á,1
604,7684,gán-tsîng,1
605,7734,tsiong-tîng,1
606,7752,siu,1
607,7798,siāu-hin-tsiú,1
608,7822,tsûn-guân,1
609,7823,pôo-pôo,1
611,7833,thuat-lî,1
612,7908,phuē-long/phē-long,1
613,7988,phuà-huè/phuà-hè,1
614,7991,pûn-tuānn,1
615,7991,pân-tuānn,1
616,7991,pān-tuānn,1
617,7992,pûn-tuānn-kut,1
618,7992,pân-tuānn-kut,1
619,7992,pān-tuānn-kut,1
620,8020,liâm-pinn,1
621,8044,tíng-iân,1
622,8100,lo̍k-kiô,1
623,8148,mâ-tshiok,1
624,8148,bâ-tshiok,1
625,8149,mâ-tshiok-jí-á/mâ-tshiok-lí-á,1
626,8149,bâ-tshiok-jí-á/bâ-tshiok-lí-á,1
627,8159,niáu-tshí-ta̍k-á/niáu-tshú-ta̍k-á,1
628,8173,hî-lân-tshuì-á/hû-lân-tshuì-á,1
629,8188,--ueh,1
630,8293,pò-in,1
631,8307,û-su-kûn,2
632,8318,muî-lâng,1
633,8320,muî-lâng-kong,1
634,8321,muî-lâng-pô,1
635,8322,muî-lâng-tshuì,1
636,8323,muî-lâng-lé,1
637,8330,tsiū sī,1
638,8330,tiō sī,1
639,8331,tsū-án-ne,1
640,8331,tsua̋n-ne,3
641,8331,tsua̋n,3
642,8354,kuí-lō,1
643,8354,kuí-ā,1
644,8355,kuí-ā kang,1
645,8384,e̍h,1
646,8406,nóo-khì,1
647,8415,tsiáng-ak,1
648,8415,tsióng-ap,2
649,8420,biâu-siá,1
650,8430,tsiáng-khuân,1
651,8430,tsióng-kuân,1
652,8454,at-tshiú,1
653,8469,kán-ná,1
654,8469,ká-ná,1
655,8475,pan-bé,1
656,8476,pan-bé-suànn,1
657,8485,tháu-khui,1
658,8486,suànn-huē,1
659,8491,kíng-tī,1
660,8513,tiâu-tē,1
661,8558,ti̍t-bu̍t,2
662,8558,tsi̍t-bu̍t,2
663,8571,hôo,1
664,8580,thuànn-khui,1
665,8597,iah,1
666,8597,ah,1
667,8597,á,1
668,8597,iá,1
670,8607,bô-thian-lí,1
671,8609,iah-m̄-kò,1
672,8609,ah-m̄-kò,1
673,8609,á-m̄-kò,1
674,8609,iá-m̄-kò,1
675,8611,bô kâng,1
676,8621,iah-buē/iah-bē,1
677,8621,ah-buē/ah-bē,1
678,8621,á-buē/á-bē,1
679,8621,iá-buē/iá-bē,1
680,8622,--bô-tá-kín,1
681,8635,bû-sóo-uì,1
682,8642,iah-sī,1
683,8642,ah-sī,1
684,8642,á-sī,1
685,8642,iá-sī,1
686,8646,bô-hān,1
687,8648,bua̋-kín,3
688,8658,bô-juā-kú,1
689,8658,bô-luā-kú,1
690,8675,bô-thuân,1
691,8676,buaih,3
692,8679,pâi-tsiò,1
693,8681,bô-lōo-iōng,1
694,8686,bô-gî-gōo,1
695,8689,iah-koh,1
696,8689,ah-koh,1
697,8689,á-koh,1
698,8689,iá-koh,1
699,8690,iah-koh-teh,1
700,8690,ah-koh-teh,1
701,8690,á-koh-teh,1
702,8690,iá-koh-teh,1
703,8734,huat-tsoh,1
704,8776,huat-kà,1
705,8778,puh-ínn,1
706,8807,tîng-sū,1
707,8892,tse̍h-khuì,1
708,8912,tsua̍t-tsíng,1
709,8939,hip-siōng,1
710,8940,hip-siōng-ki,1
711,8941,hip-siōng-kuán,1
712,8962,pa̍t-á,1
713,8993,tshiang-pôo,1
714,9069,ba̍uh,1
715,9074,ba̍uh-kang,1
716,9107,kuì-sam-sam,1
717,9112,tāi-khuánn,1
718,9123,ba̍uh-thâu,1
719,9139,hiong-tshuan,1
720,9148,pua̍h--tó,1
721,9158,páinn-kha,1
722,9205,tuī-guân,1
723,9268,sūn-sū,1
724,9315,tn̂g,1
725,9348,thn̂g-hiō-sû,2
726,9377,tsè-kuân,1
727,9383,lap,1
728,9416,uân-kóng-mn̂g,1
729,9416,uân-kióng-mn̂g,1
730,9426,thôo-thuh,1
731,9440,kè tsa̋u-kiánn,3
732,9445,ma-ma,1
733,9508,giú,1
734,9529,giú-tuā-soh,1
735,9532,sńg-sit,1
736,9555,sún-sîn,1
737,9588,sin-sián,2
738,9593,la̍k-kuân,1
739,9614,ē-īng-tsit,1
740,9614,ē-īng-lit,1
741,9614,ē-īng-eh,1
742,9622,ē-sái-tsit,1
743,9622,ē-sái-lit,1
744,9622,ē-sái-eh,1
745,9626,huē-kè,2
746,9629,iûnn-thô,1
747,9632,ē-tsò-tsit/ē-tsuè-tsit,1
748,9632,ē-tsò-lit/ē-tsuè-lit,1
749,9632,ē-tsò-eh/ē-tsuè-eh,1
750,9634,gia̍p-bū-guân,1
751,9642,ē-kham-tsit,1
752,9642,ē-kham-lit,1
753,9642,ē-kham-eh,1
754,9656,ē-hiáng,1
755,9663,heh,1
756,9663,hennh,1
757,9694,heh-khùn,1
758,9694,hennh-khùn,1
759,9741,ian-tshiân,2
760,9780,pîng-se,1
761,9818,kìm-kī,1
762,9859,tsat-be̍h,1
763,9872,tsuē-kuà,1
764,9873,tsuē-kuà,1
765,9921,meh-á-tshài,1
766,9923,lueh,3
767,9924,sìng-bió,1
768,9933,lōo-bué/lōo-bé,1
769,9934,lōo-bué-tshiú/lōo-bé-tshiú,1
770,9937,bak-tóo,1
771,9938,bak-tóo-bué/bak-tóo-bé,1
772,9939,bak-tóo-iau,1
773,9965,bān-puan,1
774,9967,lak-sui,1
776,10054,póo-thinn,1
777,10073,môo-khî,1
778,10073,gôo-khî,1
779,10102,uē-bú,1
780,10118,uī-hóo-lān,1
781,10165,kha-thâu-hu,1
782,10177,bū,2
784,10216,lông-tshuan,1
785,10220,lông-khū,1
786,10253,lōo-thîng,1
787,10295,liâng-á,1
788,10423,tshiàm-uī,1
789,10430,mā-bueh,1
790,10463,tôo-tsu-kuán,1
791,10466,thuân-uân,1
792,10471,kuánn,1
793,10498,khím-sik,2
794,10505,kuánn-hū,1
795,10513,tuì-siòng,2
796,10569,tsîng,1
797,10573,tsîng-á,1
798,10628,muá-muá,1
799,10643,suan,1
800,10646,hah,1
801,10658,ián-guân,1
802,10661,suan-tháng,1
803,10668,lo̍k-kôo-muâi,1
805,10697,sik-sū,2
806,10699,kann-siûnn,1
807,10710,ka-ga̍k,1
808,10710,kàm-ga̍k,1
809,10778,tī-lang/tū-lang,1
810,10800,uî-tshî,1
811,10826,koo-hong,1
812,10826,koo-hông,1
813,10831,kô-kô-tînn,1
814,10833,ko-io̍h,1
815,10869,sueh-bîng/seh-bîng,1
816,10893,kà,1
817,10905,kànn-bú,1
818,10905,kà-bú,1
819,10907,sng-lam-tinn,1
820,10948,tìm,1
821,10959,líng-siū,1
822,10970,tìm-thâu,1
823,10979,tsiâu-tsn̂g,1
824,11009,--hennh,1
825,11031,hi-hi-hua-hua,1
826,11047,huè,1
827,11055,huè-tsí,1
828,11065,tin-siu,1
829,11069,huè-bu̍t,1
830,11072,khuan-ān,1
831,11076,siap-tia̍p,1
832,11081,kóng-pò-kio̍k,1
833,11091,thenn,1
834,11111,thenn-tsûn,1
835,11112,uì-lô,2
836,11122,lîn-bín,1
837,11123,thenn-ko,1
841,11160,pò-im,1
842,11163,pò-sàng,1
843,11165,puah-khui,1
845,11203,piau-tì,1
846,11209,phiau-tsún,1
847,11214,piau-thâu,1
848,11235,lūn-piánn-kauh,1
849,11255,sán-thio,1
850,11262,puânn-tshuì-kím,1
852,11353,lân-tsiau,1
853,11368,sat-bú,1
854,11385,tsuī,1
855,11393,uī-sing,1
856,11394,uī-sing-tsuá,1
857,11396,uī-tshenn/uī-tshinn,1
858,11402,khò-thîng,1
859,11440,ti-bú/tu-bú,1
860,11441,ti-bú-ling-á/tu-bú-ni-á,1
861,11442,ti-bú-tshài/tu-bú-tshài,1
862,11505,puê-sióng/pê-sióng,2
863,11538,sik-tong,1
865,11575,iúnn-tsú,1
866,11577,iúnn-bó,1
867,11583,khuà-huānn,1
868,11588,iúnn--ê,1
869,11596,iúnn-tshī,1
870,11599,lāu,1
871,11620,nāu-jia̍t/nāu-lia̍t,1
872,11631,khì-khū,1
873,11668,o̍h-liâu,1
874,11678,tiak,1
875,11699,pîng-liông-sim,1
876,11717,tshiau-huân,1
877,11723,tiak-sǹg-puânn,1
878,11727,pîng-kì/pîng-kù,1
879,11739,tshiū-bo̍k,1
880,11752,ki-hâi,2
881,11756,tshiū-uāinn,1
882,11762,ke-khì,1
883,11763,ke-khì-tháng,1
884,11763,ki-hì-tháng,1
885,11769,kann-ná,1
886,11770,huênn,1
887,11791,ki̍k-lia̍t,1
888,11893,hin,1
889,11922,thǹg-tsiah-kha,1
890,11928,thǹg-bak-theh,1
892,11942,phiân,1
893,11960,niau-mi,1
894,11974,tshan-tshiūnn,1
895,12004,tshénn-gōo/tshínn-gōo,1
896,12006,uî-si,1
897,12054,tshò-ngōo,1
898,12064,siò,1
899,12075,thâu-moo,1
900,12079,thâu-mn̂g-ngeh-á,1
901,12091,tha̍h-tú-á,1
902,12132,ah-bú,1
903,12133,ah-bú-tshuì,1
904,12134,ah-bú-tê,1
905,12138,lîng-be̍h,1
906,12139,lîng-kut,1
907,12140,gîng-gíng,1
908,12141,gîng-gíng-kuann,1
909,12142,liông-tsûn,1
910,12144,ah-tsiáng,1
911,12150,lîng-hōng,1
912,12151,liông-hê,1
913,12159,hennh,1
914,12167,hennh-kiann,1
915,12178,tshǹg,1
916,12187,ìnn-bú-á,1
917,12193,hí-lāng,2
918,12205,peh--khui,1
919,12207,ní-póo,1
920,12209,ìng-kai,1
921,12210,ìng-kai-jiân/ìng-kai-liân,1
922,12212,tshǹg-phīnn,1
923,12213,hì-ki̍k,1
924,12279,muâi,1
925,12309,tsóng-ba̍uh,1
926,12310,muâi-pn̄g,1
927,12356,siann-bōng,1
928,12358,po̍h-hô,1
930,12390,kiunn-bú,1
931,12391,kiunn-bú-ah,1
932,12398,khui-sún,1
933,12409,khóo-á-te,1
934,12429,bî-tshai,1
935,12435,tshíng-kha-ke/tshíng-kha-kue,1
936,12444,lìn,1
937,12458,phiah-bián,2
938,12463,lìn-tńg,1
939,12517,páinn,1
940,12527,iau-ti,1
941,12531,tn̄g-tsiáng,1
942,12540,phok-phok,1
943,12546,nà,1
944,12548,nà-ji̍t/nà-li̍t,1
945,12549,pun-nn̂g,1
946,12601,tsit-guân,1
947,12622,tsit-kuân,1
948,12638,giô-pe,1
949,12648,hiau-than,1
950,12680,tsiau-that,1
951,12693,lî,1
952,12705,ke-bú/kue-bú,1
953,12706,ke-bú-phuê/kue-bú-phê,1
954,12707,ke-bú-thâng/kue-bú-thâng,1
955,12787,iānn-hong,1
956,12788,iānn-tshik,1
957,12827,láng-kuân,1
958,12831,pān,1
959,12832,ngāi,1
960,12833,ngāi-ba̍k,1
961,12835,po̍k-tsah,1
962,12836,ngāi-gio̍h,1
963,12838,sih-nà,1
964,12838,sinnh-nà,1
965,12843,nî,1
966,12854,pho̍k-á,2
967,12865,puànn-ki-kah,1
968,12983,jióng,1
969,13029,kìng-tsing,1
970,13053,kìng-kò,1
971,13054,kìng-kài,1
972,13060,gī-guân,1
973,13061,kak-gōo,1
974,13064,kìng-pò,1
975,13070,kìng-tshat,1
976,13071,kìng-tshat-kio̍k,1
977,13077,sik-khiau,1
978,13077,sik-kia,1
979,13113,bīn-thâu,1
980,13116,kiâm-muâi,1
981,13137,hia-pai,1
982,13140,nuā-thôo-muâi,1
983,13172,lòo-tsuí,1
984,13189,hōo-tsiò,1
985,13197,lo̍k-iânn,1
986,13231,kuân,1
987,13232,kuân-li̍k,1
988,13234,kuân-lī,1
989,13237,kuân-ui,1
990,13238,kuân-hān,1
991,13308,lìng,1
992,13324,kiann tshenn-hūn/kiann tshinn-hūn,1
993,13344,lìng phuē/lìng phē,1
994,13347,pìnn-khuán,1
995,13376,liân-tsi,1
996,13544,thenn,1
997,13545,thenn-í,1
998,13557,thit-thô,1
999,13558,thit-thô-lâng,1
1000,13559,thit-thô gín-á,1
1001,13560,thit-thô-mi̍h/thit-thô-mn̍gh,1
1002,13561,thit-thô-mih-á,1
1003,13609,but,1
1004,13636,thap,1
1005,8379,phiak,1
1006,11373,hê-koo-phiak-á,1
1007,8158,niáu-tshí-phiak-á/niáu-tshú-phiak-á,1
1008,8164,tsiáu-phiak-á,1
1009,12646,siān-âng-á,1
1010,12646,siān-lâng-á,1
1011,12646,siān-tâng-á,1
1012,12646,sîn-âng-á,1
1013,2416,tshūn-pān,1
1014,2329,tshūn-sí,1
1015,13515,uaih-tio̍h,1
1016,13514,uaih,1
1017,34,it-kài,1
1018,50033,tshui-tshut,1
1019,50057,kuè-thîng/kè-thîng,1
1020,50060,kìng-hong,1
1021,50066,thîng-sik,1
1022,50071,guân-kang,1
1023,50079,kiû-guân,1
1024,50110,biān-tuì,1
1025,50146,tshui-tōng,1
1026,50152,kang-khū,1
1027,50168,tài-lâi,1
1028,50196,iú-hāu,1
1029,50198,sîng-guân,1
1030,50252,kì-lio̍k,1
1031,50284,tāi-kài,1
1032,50294,pó-tsiòng,1
1033,50303,huē-guân,1
1034,50304,kìng-suán,1
1035,50313,tshui-tsiàn,1
1036,50334,sîng-sio̍k,1
1037,50343,tsí-phiau,1
1038,50350,líng-i̍k,1
1039,50362,hîng-thîng,1
1040,50367,khài-liām,1
1041,50374,kì-lio̍k,1
1042,50381,huân-pó,1
1043,50386,im-hiáng,1
1044,50395,hun-hiáng,1
1045,50470,lo̍h-si̍t,1
1046,50472,kua-ki̍k,1
1047,50506,tong-tiong,1
1048,50507,phiau-sī,1
1049,50510,lio̍k-tshú,1
1050,50545,pâi-tî,1
1051,50558,hông-hōo,1
1052,50576,kìng-sài,1
1053,50594,kuàn-tshuan,1
1054,50599,î-hōo,1
1055,50609,ngôo-lo̍k,1
1056,50633,tsiân-uī,1
1057,50636,ka-khū,1
1059,50690,hóo-jīn/hóo-līn,1
1060,50721,uân-khu,1
1061,50737,īng-lâi,1
1062,50747,tsìn-tsū,1
1063,50754,ha̍k-guân,1
1064,50759,kuân-ik,1
1065,50766,kóo-nóo,1
1066,50781,hu̍t-bú,1
1067,50790,ting-lio̍k,1
1068,50796,uán-lî,1
1069,50834,kóo-kuân,1
1071,50898,kóng-pò,1
1072,50979,hòng-bo̍k,1
1073,50994,siū-kuân,1
1074,51004,tsiàu-bîng,1
1075,51009,ki̍k-tsîng,1
1076,51027,tsuí-pênn,1
1077,51040,pòo-buán,1
1078,51055,liû-sing,1
1079,51057,hua̍t-li̍k,1
1080,51061,bí-biāu,1
1081,51110,hun-lî,1
1082,51134,thiat-ha̍k,1
1083,51158,bô-hîng,1
1084,51167,khài-hóng,1
1085,51201,siu-lio̍k,1
1086,51213,liû-thîng,1
1087,51221,mn̄g-kǹg,1
1088,51272,Ji̍t-ki̍k/Li̍t-ki̍k,1
1089,51281,bîng-sû,1
1090,51338,uī-i̍k,1
1091,51353,tāi-to-sòo,1
1092,51373,jio̍k-thé/lio̍k-thé,1
1093,51375,tshuan-bîn,1
1094,51389,khik-kuan,1
1095,51411,tsuan-lâng,1
1096,51449,lio̍k-tsè,1
1097,51460,kìng-guân,1
1098,51471,lāi-tsāi,1
1099,51525,kim-khiok,1
1100,51526,hîng-lio̍k,1
1101,51540,tî-kuân,1
1102,51548,kiông-kuân,1
1103,51551,tshui-tián,1
1104,51582,huè-khì-bu̍t,1
1105,51636,pu̍t-tsu,1
1106,51661,tsóo-la̍t,1
1107,51663,sìn-lāi,1
1108,51678,ti̍k-phài-guân,1
1109,51740,tsiàn-kàm,2
1110,51785,kau-hiáng-khik,1
1111,51788,hîng-kìng,1
1112,51797,Pu̍t-tián,1
1113,51812,hòng-ká,1
1114,51820,tsa-sûn,1
1115,51830,tiông-pòo,1
1116,51839,hái-i̍k,1
1117,51898,niá-tuī,1
1118,51908,suán-īng,1
1119,51915,sing-uān,1
1120,51923,jîn-bīng,1
1121,51962,kái-īng,1
1122,51972,pun-pho,1
1124,51999,siong-pí,1
1125,51999,sann-pí,1
1126,52021,siok-sià,1
1127,52032,bo̍k-bîng-kî-biāu,1
1128,52065,lōo-phiau,1
1129,52079,ki̍k-thuân,1
1130,52099,gī-thîng,1
1131,52112,tiong-kàu,1
1132,52124,ji̍t-thîng/li̍t-thîng,1
1133,52167,iû-tông-hue,1
1134,52220,tshui-kí/tshui-kú,1
1135,52225,phiò-kuàn,1
1136,52245,bô-lîng,1
1137,52257,kìng-phuè,2
1138,52285,phiau-kì,1
1139,52319,kàm-tuī,2
1140,52339,tiong-su,1
1141,52340,lāi-bōo,1
1142,52345,siáu-tsiòng,1
1143,52350,bûn-khū,1
1144,52353,gue̍h-tâi,1
1145,52382,huê-hiáng,1
1146,52412,sìng-bîng,1
1147,52427,huat-kìng,1
1148,52444,phín-tsióng,1
1149,52450,tsa-tshut,1
1150,52453,phài-tsū,1
1151,52560,phiau-tsì,1
1152,52561,phiau-tê/phiau-tuê,1
1153,52594,siōng-kàu,1
1154,52600,tuā-sū,1
1155,52636,pênn-thán/pînn-thán,1
1156,52641,hiong-tshiú,1
1157,52662,pu̍t-king,1
1158,52668,hóo-tīng,1
1159,52680,hông-uī,1
1160,52691,sóo-iú-kuân,1
1161,52713,āu-uē,1
1162,52717,tsa-khàu,1
1163,52718,tsa-hong,1
1164,52736,thiat-lí,1
1165,52744,hu̍t-tsú,1
1166,52783,kàu-huat,1
1167,52796,pò-kìng,1
1168,52804,pit-lio̍k,1
1169,52819,bî-biāu,1
1170,52842,hî-tshuan/hû-tshuan,1
1171,52845,bāng-i̍k,1
1172,52850,koh-guân,1
1173,52854,huè-tsuí,1
1174,52855,huè-tû,1
1175,52886,sài-thîng,1
1176,52899,tóng-guân,1
1177,52931,thian-hōo,1
1178,52935,siáu-kàu,1
1179,52981,miâ-i,1
1180,52983,huê-thîng/hê-thîng,1
1181,52996,ū-hîng,1
1182,52997,iú-iân,1
1183,53005,Pu̍t-huat,1
1184,53059,pán-kuân,1
1185,53061,siā-guân,1
1186,53153,tshái-kǹg,1
1187,53162,tshui-sǹg,1
1188,53166,kàu-khū,1
1189,53200,kiat-tsing,1
1190,53209,khai-tî,1
1191,53215,hn̂g-tē/hn̂g-tuē,1
1192,53280,uī-kàu,1
1193,53297,ki̍k-tōng,1
1194,53313,kiám-kìng,1
1195,53333,siang-tsàn,1
1196,53340,kìng-pio,1
1197,53389,gōo-sing-kip,1
1198,53431,tsuí-i̍k,1
1199,53474,bó-gí/bó-gú,1
1200,53485,kau-hiáng-ga̍k,1
1201,53489,tsuân-thîng,1
1202,53499,hó-iōng,1
1203,53503,siú-uī,1
1204,53518,hóo-kuat,1
1205,53521,biāu-hng,1
1206,53556,pun-tsáu,1
1207,53591,ui-kuân,1
1208,53690,kàu-tsit-guân,1
1209,53727,tsiáng-kuán,1
1210,53764,ò-biāu,1
1211,53777,khe-liû/khue-liû,1
1213,53828,huè-khì,1
1214,53829,huè-pio,1
1215,53836,phiau-tiám,1
1216,53841,pian-ki̍k,1
1217,53852,ha̍k-tióng,1
1218,53883,phiah-lān,2
1219,53901,kíng-uī,1
1220,53906,kuân-sè,1
1221,53938,sió-piān,1
1222,53955,guân-nóo,1
1223,54038,īng-huat,1
1224,54053,miâ-ū,1
1225,54058,tē-phiau/tuē-phiau,1
1226,54075,tsū-uī,1
1227,54079,hâng-guân,1
1228,54082,Pu̍t-ha̍k,1
1229,54089,gôo-kueh-hî/gôo-kueh-hû,1
1230,54102,tshuan-tiúnn,1
1231,54161,hù-lio̍k,1
1232,54170,tsiân-thîng,1
1233,54190,tsa-bîng,1
1234,54191,tsa-tsìng,1
1235,54195,liû-i̍k,1
1236,54198,lâu-pio,1
1237,54204,siong-liân,1
1238,54262,siā-thîng,1
1239,54290,phò-tî,1
1240,54303,hâng-thîng,1
1241,54304,hâng-kuân,1
1242,54312,huê-phiah,2
1243,54344,sok-miā,1
1244,54347,tsuan-guân,1
1245,54363,tshui-àn,1
1247,54455,tshâi-guân,1
1248,54470,tsi̍p-kuân,1
1249,54517,uē-ki̍k,1
1251,54537,pá-buán,1
1252,54579,ki̍k-īnn,1
1253,54586,huè-khì,1
1254,54597,phiau-bîng,1
1255,54609,uī-ping,1
1256,54620,tsū-kun,1
1257,54629,ting-khū,1
1258,54642,lio̍k-iōng,1
1259,54644,gím-piau,1
1260,54676,lī-sàn,1
1261,54677,lī-tsit,1
1262,54721,pà-kuân,1
1263,54740,tāi-pōo-hūn,1
1264,54763,guân-guē,1
1265,54785,tsióng-kǹg,1
1266,50609,gû-lo̍k,1
1267,52621,tsuí-tshiú,1
1268,54661,tuān-tīng,1
1269,8750,huat-gê,1
1270,50345,sòo-biâu,1
1271,50360,tái-tôo,1
1272,51875,khai-pò,1
1273,54654,liân-pò,1
1274,50645,pò-hòng,1
1275,50408,pò-tshut,1
1276,51238,thuân-pò,1
1277,53324,tiám-pò,1
1278,51830,tîng-pò,1
1279,51830,tiông-pò,1
1280,54146,ti̍t-pò,1
1281,54570,tsè-pò,1
1282,54000,tsú-pò,1
1283,51456,tsuán-pò,1
1284,50414,hu̍t-sim,1
1285,50477,kìng-tsing-li̍k,1
1286,50603,tsīng-í,1
1287,51896,í-huē,1
1288,50725,thuân-guân,1
1289,50780,guân-kíng,1
1290,50929,siong-iông,1
1291,50988,tî-liáu,1
1292,51093,î-siu,1
1293,50482,îng-î,1
1294,51166,gia̍p-î,1
1295,51256,liâu-thîng,1
1296,51274,pîng-tâi,1
1297,51436,póo-sióng,2
1298,51444,po̍k-tōng,1
1299,53835,po̍k-luān,1
1300,50799,po̍k-li̍k,1
1301,51515,phênn-sòo/phînn-sòo,1
1302,51645,hióng-iú,1
1303,51749,siâm-su,1
1304,51775,khì-tî,1
1305,51862,tshing-tî,1
1306,52013,tô-senn/tô-sinn,1
1307,52066,thiàu-uán,1
1308,52357,tsú-tsái,1
1309,52363,puàn-sòo,1
1310,52395,san-tî,1
1311,52496,tsiap-tsiáng,1
1312,52499,tshing-sǹg,1
1313,52581,tn̄g-kau,1
1314,52609,kong-tsiànn,1
1315,52730,bīn-tâm,1
1316,52855,huì-tî,1
1317,52855,huè-tî,1
1318,52881,ìng-tong,1
1319,53160,sàu-tî,1
1320,53322,thuàn-liān,1
1321,53559,giâm-tsio̍h,1
1322,51261,phan-gâm,1
1323,53899,kìng-kuann,1
1324,53900,kìng-tiúnn,1
1325,53917,it-iā-tsîng,1
1326,54643,lio̍k-iánn,1
1327,54673,tsuán-sok,1
1328,54701,kìng-ki,1
1329,54704,kìng-kio̍k,1
1330,54705,kìng-tshia,1
1331,54718,hōo-nuâ,1
1332,54714,lân-uī,1
1333,51547,tsuan-lân,1
1334,54796,buán-luí,1
1335,12228,kiong-si,1
1336,10546,thài-tōo,1
1337,1923,bo̍k-tik,1
1338,13442,go̍k-hî/go̍k-hû,1
1339,10806,hua̍t-khuánn,1
1340,8317,tiō,1
1341,8317,tio̍h,1
1342,4145,phō-khiám,1
1344,13491,si̍p,1
1345,13492,si̍p--tsi̍t-ē,1
1346,11752,ki-kài,1
1347,7241,tit-ì,1
1348,7215,tit-sit,1
1349,7244,tit-tsuē,1
1350,7209,tik-lâng-sioh,1
1351,7208,tik-lâng-thiànn,1
1352,7240,tik-sè,1
1353,54357,tit-phiò,1
1354,51223,tit-phiò-lu̍t,1
1355,50461,tshú-tik,1
1356,50756,tsíng-kô,2
1357,12446,hâinn,1
1358,5121,ta-poo,1
1359,5124,ta-poo gín-á,1
1360,8317,to̍h,1
1361,9291,pn̄g-a̍p-á,1
1362,11508,tàm,1
1363,2032,pe̍h-tiò,1
1364,9413,thôo-kak,2
1365,9414,thôo-kak-tshù,2
1366,11137,pò,1
1367,13339,thé-biān,1
1369,1049,khiàm-khuat,1
1370,2651,bí-lin,1
1371,1240,gû-lin-sik,1
1372,1242,gû-lin-thn̂g,1
1373,1241,gû-lin-tshuì-á,1
1374,1238,gû-lin,1
1375,4448,hàng-lin,1
1376,9680,ik-lin,1
1377,643,lāi-lin,1
1378,1704,lin-bú-tshia,1
1379,1698,lin-bú,1
1380,1830,lin-gâm,1
1381,1736,lin-phè-á,1
1382,1824,lin-thâu,1
1383,1781,lin-tshuì-á,1
1384,1647,lin,1
1385,7504,suh lin,1
1386,3430,tāu-lin,1
1387,11441,ti-bó-lin-á,1
1388,12526,tn̄g-lin,1
1389,6575,tshàu-lin-tai,1
1390,10335,tshī-lin,1
1391,11743,tshiū-lin-thn̂g,1
1392,11742,tshiū-lin,1
1393,5602,tsia̍h-lin,1
1394,53466,lin-tê,1
1395,51777,lin-tsuí,1
1396,7125,siánn-mi̍h,1
1397,8660,bô-siánn-mi̍h,1
1398,5609,hui-lîng-ki,1
1399,5609,pue-lîng-ki,1
1400,3923,phīnn-phīnn-tshuán,1
1401,3923,phīnn-phēnn-tshuán,1
1402,3923,phīnn-phānn-tshuán,1
1403,30007,li̍p-hā,1
1404,10431,go̍k-hî/go̍k-hû,1
1405,4820,tih-beh/tih-bueh,1
1406,9779,tng-tih,1
1407,3096,Siòng-kang-tīn,1
1408,50107,hū-kīn/hū-kūn,1
1409,52173,hū-ka,1
1410,50697,hū-siat,1
1411,52706,hū-sio̍k,1
1412,52436,hū-tài,1
1413,51967,i-hū,1
1414,50095,tshing-tshóo,1
1415,4054,phah-lâ-liâng,1
1416,51814,huat-bûn,1
1417,9224,khai-bōo,1
1418,4125,phah-kat-khiû,1
1419,1811,sit-suàn,1
1420,152,tiau-ì-kòo,1
1421,11286,khing-hun,1
1422,51101,lân-bông,1
1423,13224,--loh,1
1424,51855,ká-kî,1
1425,51812,pàng-kà,1
1426,51812,hòng-kà,1
1427,13188,khiàn-tsik,1
1428,13651,puî-lut-lut,1
1429,7245,tài-niá,1
1430,2907,tueh,3
1431,3391,tsai-ē,1
1432,12221,tòng,1
1433,50122,tsham-ū,1
1434,50913,bîn-tiàu,1
1435,8688,thì-thuí,1
1436,13678,ka-tshia-tîn,1
1437,13687,kau-tiāng,1
1438,13706,koo-tsa̋u-kiánn,3
1439,13691,gī-sènn,1
1440,13728,sann-tshuā,1
1441,13729,sann-mā-pún,1
1442,13733,kóo-guā-gue̍h/kóo-guā-ge̍h,1
1443,13757,tuà-sin-lâng,1
1444,13761,buán-tang,1
1445,13806,thôo-muâi,1
1446,13807,giú-phiò,1
1447,13811,ē-kì--tsit、ē-kì--lit、ē-kì--lih、ē-kì--eh,1
1448,13835,tuì-siàng,1
1449,13852,iánn-jiah/iánn-liah,1
1450,13853,thenn-tōo,1
1451,13873,hē-hē-kiò,1
1452,13893,kiâm-buê,1
1453,13900,ut-áunn,1
1454,13753,ko-tshiâng,1
1455,13919,siāng-bué,1
1456,13921,siāng-bô,1
1457,13922,e-tàu-tǹg,1
1458,14001,puàn-ting,1
1459,14004,piàn-suī,1
1460,14007,sai-kong-á-sīn-pue,1
1461,14010,iang-kà,1
1462,14046,hó-bī-sī,1
1463,14047,gī-ûn,1
1464,14049,tshiânn-keh,1
1465,14077,toh-lo̍h/tah-lo̍h,1
1466,14078,hu̍t-siú-kam,1
1467,14068,tsū-ka-īng--ê,1
1468,14081,thah ē,1
1469,14085,tsē-m̄-tio̍h,1
1470,14086,tsē-té/tsē-tué,1
1471,14092,bông-un-puē-gī,1
1472,14121,koo-niáu,1
1473,14116,sià-sí-sià-tsìng,2
1474,14124,tīng-huè/tīng-hè,1
1475,14130,tú-leh,1
1476,14146,khang-su-bāng-sióng,1
1477,14157,tsióng-tsì,1
1478,14166,siok-pháng,1
1479,14172,kheh-muá,1
1480,14179,tsńg-kah-bâi,1
1481,14188,khī-song,1
1482,14191,sann-thīn,1
1483,14198,kí-nî,1
1484,14234,lîng-li̍k,1
1485,14259,oo-jí-á-tshài,1
1486,14226,hiunn-iân-kue,1
1487,14304,juā-kú,1
1488,14325,m̂-á-tê,1
1489,14325,muâi-á-tê,1
1490,14325,buê-á-tê,1
1491,14311,sam-á-khuì,1
1492,14311,som-á-khuì,1
1493,14304,luā-kú,1
1494,14130,tú-lih,1
1495,14192,sann-tshē,1
1496,14363,hân-san,1
1497,14367,kiám-sī,1
1498,14370,pian-tsi,1
1499,14404,ba̍uh-huè-té/ba̍uh-hè-tué,1
1500,14411,ba-bui-tsí,1
1501,14414,thôo-tsio̍h-liû,1
1502,14419,giú-āu-kha,1
1503,14432,heh-liâng、hennh-liâng,1
1504,14433,heh-khùn-ji̍t、hennh-khùn-ji̍t,1
1505,14434,heh-khùn-sî-á、hennh-khùn-sî-á,1
1506,14456,in-tsîng-lâng,1
1507,14472,tiān-thâu-moo-tiàm,1
1508,14477,bōo-tsuá,1
1509,14525,tùn,1
1510,14527,tshiū-lin-sok-á,1
1511,14538,àng-láng,1
1512,14539,thǹg-moo,1
1513,14548,sa̍p-sa̍p-á-hōo,1
1514,14563,liâm-sî-liâm-iāu,1
1515,27871,liâm-sî-liâm-tsūn,1
1516,14587,kuâinn-tíng,1
1517,14608,pìnn-siùnn,1
1518,14609,pìnn-sánn-báng,1
1519,14611,lù-khá,1
1520,14616,tshǹg-tsuí-bī,1
1521,14618,siûnn-la̍p-la̍p,1
1522,27900,siûnn-le̍h-le̍,1
1523,14640,m̄-tiō,1
1524,9420,thap--lo̍h,1
1525,8579,tshik-liōng,1
1526,8528,í-tiâu,1