序號,方言差編碼,字目,鹿港,三峽,臺北,宜蘭,臺南,高雄,金門,馬公,新竹,臺中
1,[方]005,欲,berh,berh,beh,bueh,beh,beh,berh,boh,beh,beh
2,[方]007,母(聖～),bió,bió,bió; bú,bóo,biór,biór,bió,bió,bió,bió
3,[方]011,摸,boo,boo,bong,bong,bong,bong,boo,boo,bong,bong
4,[方]012,墓,bōo,bōo,bōo,bōng,bōng,bōng,bōo,bōo,bōo;bōng,bōng
5,[方]008,無,bô,bô,bô,bô,bôr,bôr,bô,bô,bô,bô
6,[方]009,帽(～仔),bō,bō,bō,bō,bōr,bōr,bō,bō,bō,bō
7,[方]010,磨(～仔),bō,bō,bō,bō,bōr,bōr,bō,bō,bō,bō
8,[方]001,尾,bér,bér,bé,bué,bué,bué,bér,bé,bér;bé,bué
9,[方]003,未,běr,bēr,bē,bē; buē,buē,buē,bēr,bē,bēr,buē
10,[方]006,襪,be̍rh,be̍rh,be̍h,bue̍h,bue̍h,bue̍h,be̍rh,be̍h,be̍rh;be̍h,bue̍h
11,[方]307,災,tser,tser,tse,tse,tse,tse,tser,tse,tser;tse,tse
12,[方]308,晬,tsèr,tsèr,tsè,tsè,tsè,tsè,tsèr,tsè,tsèr;tsè,tsè
13,[方]388,齊,tsuê,tserê,tsuê,tsê,tsê,tsê,tsuê,tsuê,tsuê,tsê
14,[方]389,濟(多),tsuě; tsuē,tserē,tsuē,tsē,tsē,tsē,tsuē,tsuē,tsuē,tsē
15,[方]390,節,tsueh,tsereh,tsueh,tseh,tseh,tseh,tsueh,tsueh,tsueh,tseh
16,[方]309,絕(～種),tse̍rh,tse̍rh,tse̍h,tse̍h,tse̍h,tse̍h,tse̍rh,tse̍h,tse̍rh;tse̍h,tse̍h
17,[方]359,爭,tsinn,tsinn,tsinn,tsenn,tsenn,tsenn,tsinn,tsinn,tsinn,tsenn
18,[方]360,井,tsínn,tsínn,tsínn,tsénn,tsénn,tsénn,tsínn,tsínn,tsínn,tsénn
19,[方]361,諍,tsìnn,tsìnn,tsìnn,tsènn,tsènn,tsènn,tsìnn,tsìnn,tsìnn,tsènn
20,[方]383,薯,tsîr,tsîr,tsû,tsî,tsû,tsî,tsîr,tsû,tsîr;tsî,tsî
21,[方]384,蜍,tsîr,tsîr,tsû,tsî,tsû,tsî,tsîr,tsû,tsîr;tsî,tsî
22,[方]225,謝(姓),siā,siā; tsiā,siā,siā,tsiā,tsiā,siā,siā,siā,x
23,[方]355,針,tsam,tsam,tsiam,tsiam,tsiam,tsiam,tsam,tsam,tsam;tsiam,tsiam
24,[方]356,汁,tsap,tsap,tsiap,tsiap,tsiap,tsiap,tsap,tsap,tsap,tsiap
25,[方]357,齊,tsâu,tsâu,tsiâu,tsiâu,tsiâu,tsiâu,tsâu,tsâu,tsâu,tsiâu
26,[方]358,指,tsńg,tsńg,tsíng,tsíng,tsíng,tsíng,tsńg,tsíng,tsíng,x
27,[方]363,樟,tsiunn,tsiunn,tsiunn,tsiunn,tsionn,tsiunn,tsiunn,tsiunn,tsiunn,tsiunn
28,[方]364,漿,tsiunn,tsiunn,tsiunn,tsiunn,tsionn,tsiunn,tsiunn,tsiunn,tsiunn,tsiunn
29,[方]365,章,tsiunn,tsiunn,tsiunn,tsiunn,tsionn,tsiunn,tsiunn,tsiunn,tsiunn,tsiunn
30,[方]366,螿,tsiunn,tsiong; tsiunn,tsiunn,tsiunn,tsionn,tsiunn,tsiunn,tsiunn,tsiunn,tsiunn
31,[方]367,蔣,tsiúnn,tsiúnn,tsiúnn,tsiúnn,tsiónn,tsiúnn,tsiúnn,tsiúnn,tsiúnn,tsiúnn
32,[方]368,槳,tsiúnn,tsiúnn,tsiúnn,tsiúnn,tsiónn,tsiúnn,tsiúnn,tsiúnn,tsiúnn,tsiúnn
33,[方]369,掌(鴨～),tsiúnn,tsiúnn,tsiúnn,tsiúnn,tsiónn,tsiúnn,tsiúnn,tsiúnn,tsiúnn,tsiúnn
34,[方]370,醬,tsiùnn,tsiùnn,tsiùnn,tsiùnn,tsiònn,tsiùnn,tsiùnn,tsiùnn,tsiùnn,tsiùnn
35,[方]371,癢,tsiǔnn,tsiūnn,tsiūnn,tsiūnn,tsiōnn,tsiūnn,tsiūnn,tsiūnn,tsiūnn,tsiūnn
36,[方]372,上,tsiǔnn,tsiūnn,tsiūnn,tsiūnn,tsiōnn,tsiūnn,tsiūnn,tsiūnn,tsiūnn,tsiūnn
37,[方]373,磚,tsng,tsng,tsng,tsuinn,tsng,tsng,tsng,tsng,tsng,tsng
38,[方]374,鑽,tsǹg,tsǹg,tsǹg,tsuìnn,tsǹg,tsǹg,tsǹg,tsǹg,tsǹg,tsǹg
39,[方]375,全,tsn̂g,tsn̂g,tsn̂g,tsuînn,tsn̂g,tsn̂g,tsn̂g,tsn̂g,tsn̂g,tsn̂g
40,[方]376,旋(髮～),tsňg,tsn̄g,tsn̄g,tsuīnn,tsn̄g,tsn̄g,tsn̄g,tsn̄g,tsn̄g,tsn̄g
41,[方]377,吮(舐),tsňg,tsn̄g,tsn̄g,tsuīnn,tsn̄g,tsn̄g,tsn̄g,tsn̄g,tsn̄g,x
42,[方]378,棗,tsó,tsó,tsó,tsó,tsór,tsór,tsó,tsó,tsó,tsó
43,[方]387,做,tsuè,tserè,tsuè,tsò,tsòr,tsòr,tsuè,tsuè,tsuè,tsò
44,[方]379,曹,tsô,tsô,tsô,tsô,tsôr,tsôr,tsô,tsô,tsô,tsô
45,[方]380,槽,tsô,tsô,tsô,tsô,tsôr,tsôr,tsô,tsô,tsô,tsô
46,[方]381,子,tsír,tsír,tsú,tsú,tsú,tsú,tsír,tsú,tsú,tsú
48,[方]382,煮,tsír,tsír,tsú,tsí,tsú,tsú,tsír,tsú,tsú,tsú
49,[方]385,自,tsǐr,tsīr,tsū,tsū,tsū,tsū,tsīr,tsū,tsīr,tsū
50,[方]351,初,tshue,tshere,tshue,tshe,tshe,tshe,tshue,tshue,tshue,tshe
51,[方]352,脆,tshèr,tshèr,tshè,tshè,tshè,tshè,tshèr,tshè,tshèr;tshè,tshè
52,[方]353,慼(厭恨),tshueh,tshereh,tshueh,tsheh,tsheh,tsheh,tshueh,tshueh,tshueh,tsheh
53,[方]319,青,tshinn,tshinn,tshinn,tshenn,tshenn,tshenn,tshinn,tshinn,tshinn,tshenn
54,[方]320,星,tshinn,tshinn,tshinn,tshenn,tshenn,tshenn,tshinn,tshinn,tshinn,tshenn
55,[方]321,生,tshinn,tshinn,tshinn,tshenn,tshenn,tshenn,tshinn,tshinn,tshinn,tshenn
56,[方]322,親,tshinn,tshinn,tshinn,tshenn,tshenn,tshenn,tshinn,tshinn,tshinn,tshenn
57,[方]324,醒,tshínn,tshínn,tshínn,tshénn,tshénn,tshénn,tshínn,tshínn,tshínn,tshénn
58,[方]348,鼠,tshír,tshír,tshú,tshí,tshú,tshí,tshír,tshú,tshír;tshí,tshí
59,[方]316,徐,sîr,sîr,tshî,tshî,tshî,tshî,sîr,tshî,tshî,tshî
60,[方]346,蛆(水～),tshir,tshir,tshu,tshi,tshu,tshi,tshir,tshu,tshir,tshi
61,[方]317,撨,tshâu,tshâu,tshiâu,tshiâu,tshiâu,tshiâu,tshâu,tshâu,tshâu,tshiâu
62,[方]318,穿,tshǐng,tshīng,tshīng,tshiōng,tshīng,tshīng,tshīng,tshīng,tshīng,tshīng
63,[方]323,清(～明),tshuinn,tshinn,tshinn,tshing,tshing,tshing,tshinn,tshinn,tshinn,tshing
65,[方]362,帚(掃～),tsiú; siú,tshiú,tsiú; tshiú,tshiú,tshiú,tshiú,tsiú,tsiú,tshiú,tshiú
66,[方]327,鯧,tshiunn,tshiunn,tshiunn,tshiunn,tshionn,tshiunn,tshiunn,tshiunn,tshiunn,tshiunn
67,[方]328,槍,tshiunn,tshiunn,tshiunn,tshiunn,tshionn,tshiunn,tshiunn,tshiunn,tshiunn,tshiunn
68,[方]329,腔(面～),tshiunn,tshiunn,tshiunn,tshiunn,tshionn,tshiunn,tshiunn,tshiunn,tshiunn,tshiunn
69,[方]330,廠,tshiáng,tshiúnn,tshiúnn,tshiúnn,tshiónn,tshiúnn,tshiúnn,tshiúnn,tshiúnn,tshiúnn
70,[方]331,搶,tshiúnn,tshiúnn,tshiúnn,tshiúnn,tshiónn,tshiúnn,tshiúnn,tshiúnn,tshiúnn,tshiúnn
72,[方]333,唱,tshiùnn,tshiùnn,tshiùnn,tshiùnn,tshiòr; tshiònn,tshiùnn,tshiùnn,tshiùnn,tshiùnn,tshiùnn
73,[方]334,牆,tshiûnn,tshiûnn,tshiûnn,tshiûnn,tshiônn,tshiûnn,tshiûnn,tshiûnn,tshiûnn,tshiûnn
74,[方]335,颺(～風),tshiûnn,tshiûnn,tshiûnn,tshiûnn,tshiônn,tshiûnn,tshiûnn,tshiûnn,tshiûnn,tshiûnn
75,[方]336,象,tshiǔnn; tshiūnn,tshiūnn,tshiūnn,tshiūnn,tshiōnn,tshiūnn,tshiūnn,tshiūnn,tshiūnn,tshiūnn
76,[方]337,像,tshiūnn,tshiūnn,tshiūnn,tshiūnn,tshiōnn,tshiūnn,tshiūnn,tshiūnn,tshiūnn,tshiūnn
77,[方]338,匠,tshiǔnn,tshiūnn,tshiūnn,tshiūnn,tshiōnn,tshiūnn,tshiūnn,tshiūnn,tshiūnn,tshiūnn
78,[方]339,上,tshiǔnn,tshiūnn,tshiūnn,tshiūnn,tshiōnn,tshiūnn,tshiūnn,tshiūnn,tshiūnn,tshiūnn
79,[方]340,穿,tshng,tshng,tshng,tshuinn,tshng,tshng,tshng,tshng,tshng,tshng
80,[方]341,川(尻～),tshng,tshng,tshng,tshuinn,tshng,tshng,tshng,tshng,tshng,tshng
81,[方]343,草,tshó,tshó,tshó,tshó,tshór,tshór,tshó,tshó,tshó,tshó
82,[方]344,糙,tshò,tshò,tshò,tshò,tshòr,tshòr,tshò,tshò,tshò,tshò
83,[方]345,剉,tshò,tshò,tshò,tshò,tshòr,tshòr,tshò,tshò,tshò,tshò
84,[方]342,𧮙,tsho̍h,tshoh,tshoh,tshoh,tshorh,tshorh,tsho̍h,tsho̍h,tsho̍h,tsho̍h
85,[方]349,處,tshìr,tshìr,tshù,tshù,tshù,tshù,tshìr,tshù,tshù,tshù
86,[方]350,次,tshìr,tshìr,tshù,tshù,tshù,tshù,tshìr,tshù,tshìr,tshù
87,[方]347,舒(鋪),tshir,tshir,tshu,tshu,tshu,tshu,tshir,tshu,tshu,tshu
88,[方]311,吹,tsher,tsher,tshe,tshue,tshue,tshue,tsher,tshe,tsher;tshe,tshue
89,[方]312,炊,tsher,tsher,tshe,tshue,tshue,tshue,tsher,tshe,tsher;tshe,tshue
90,[方]313,髓,tshér,tshér,tshé,tshué,tshué,tshué,tshér,tshé,tshér;tshé,tshué
91,[方]314,箠,tshêr,tshêr,tshê,tshuê,tshuê,tshuê,tshêr,tshê,tshêr;tshê,tshuê
92,[方]315,揣,tshěr,tshēr,tshē,tshuē,tshuē,tshuē,tshěr,tshē,tshēr;tshē,tshuē
93,[方]404,挨,ue,ere,ue,e,e,e,ue,ue,ue,e
94,[方]405,矮,ué,eré,ué,é,é,é,ué,ué,ué,é
95,[方]406,鞋,uê,erê,uê,ê,ê,ê,uê,uê,uê,ê
96,[方]407,會,ē,erē,uē,ē,ē,ē,ē,ē,ē,ē
97,[方]408,狹,ue̍h,ere̍h,ue̍h,e̍h,e̍h,e̍h,ue̍h,ue̍h,ue̍h,e̍h
98,[方]056,嬰,inn,inn,inn,enn,enn,enn,inn,inn,inn,enn
100,[方]058,楹,înn,înn,înn,ênn,ênn,ênn,înn,înn,înn,ênn
101,[方]021,語,gír,gír,gú,gí,gú,gí,gír,gú,gír;gí,gí
102,[方]023,銀,gûn,gîrn,gûn,gîn,gîn,gîn,gûn,gûn,gûn,gîn
103,[方]018,睨,gûn,gîrn,gîn,gîn,gîn,gîn,gûn,gîn,gîn,gîn
104,[方]163,研(～擀),nguí,gíng,ngái,gíng,gíng,gíng,ngái,gán,gíng,gíng
105,[方]017,鵝,giâ,giâ,giâ,gô,gôr,gôr,giâ,giâ,giâ,gô
106,[方]020,五,gǒo,gōo,gōo,gōo,gōo,gōo,gōo,gōo,gōo,gōo
107,[方]019,餓,gǒ,gō,gō,gō,gōr,gōr,gǒ,gō,gō,gō
108,[方]022,遇,bǔ,gū,gū,gū,gū,gū,gū,gū,bū,gū
109,[方]015,月,ge̍rh,ge̍rh,ge̍h,gue̍h,gue̍h,gue̍h,ge̍rh,ge̍h,ge̍rh;ge̍h,gue̍h
110,[方]048,許,hír,hír,hú,hí,hú,hí,hír,hú,hír;hí,hí
111,[方]049,魚,hîr,hîr,hû,hî,hî,hî,hîr,hû,hîr;hî,hî
112,[方]054,恨,hūn,hīrn,hūn,hīn,hīn,hīn,hūn,hūn,hūn,hūn
113,[方]031,還,hîng,hîng,hîng,hân,hîng,hîng,hîng,hân,hîng,hîng
114,[方]024,莧,hǐng,hīng,hāng,hīng,hīng,hīng,hīng,hīng;hāng,hīng,hīng
115,[方]032,貺,hǐng,hīng,hīng,hīng,hīng,hīng,hīng,hīng;hān,hīng,hīng
116,[方]030,耳,hǐ,hī,hī,hīnn,hīnn,hīnn,hī,hī,hī,hīnn
117,[方]033,后,hiō,hiō,hiō,hōo,hiōr,hiōr,hōo,hiō,hiō,hiō
118,[方]036,鄉,hiunn,hiunn,hiunn,hiunn,hionn,hiunn,hiunn,hiunn,hiunn,hiunn
119,[方]037,香,hiunn,hiunn,hiunn,hiunn,hionn,hiunn,hiunn,hiunn,hiunn,hiunn
120,[方]039,荒,hng,hng,hng,huinn,hng,hng,hng,hng,hng,hng
121,[方]040,昏,hng,hng,hng,huinn,hng,hng,hng,hng,hng,hng
122,[方]041,園,hn̂g,hn̂g,hn̂g,huînn,hn̂g,hn̂g,hn̂g,hn̂g,hn̂g,hn̂g
123,[方]042,遠,hňg,hn̄g,hn̄g,huīnn,hn̄g,hn̄g,hn̄g,hn̄g,hn̄g,hn̄g
124,[方]047,雨,hǒo,hōo,hōo,hōo,hōo,hōo,hōo,hōo,hōo,hōo
125,[方]034,後,hiǒ,hiō,hiō,hōo,hiōr,hōo; hiōr,hōo,hiō,hiō,hiō
126,[方]035,厚,hiō,hiō,hiō,hōo,hōo,hōo,hōo,hiō,hiō,hōo
127,[方]043,好,hó,hó,hó,hó,hór,hór,hó,hó,hó,hó
128,[方]044,河,hô,hô,hô,hô,hôr,hôr,hô,hô,hô,hô
129,[方]045,壕,hô,hô,hô,hô,hôr,hôr,hô,hô,hô,hô
130,[方]046,號,hǒ,hō,hō,hō,hōr,hōr,hō,hō,hō,hō
131,[方]050,莖(芋～),huînn,huînn,huâinn,huâinn,huâinn,huâinn,huâinn,huâinn,huâinn,huâinn
132,[方]051,犯,huǎn,huān,huān,huān,huān,huān,huān,huān,huān,huān
133,[方]052,範,huǎn,huān,huān,huān,huān,huān,huān,huān,huān,huān
134,[方]025,灰,her,her,he,hue,hue,hue,her,he,her;he,hue
135,[方]026,火,hér,hér,hé,hué,hué,hué,hér,hé,hér;hé,hué
136,[方]027,歲,hèr,hèr,hè,huè,huè,huè,hèr,hè,hèr;hè,huè
137,[方]028,貨,hèr,hèr,hè,huè,huè,huè,hèr,hè,hèr;hè,huè
138,[方]029,回,hêr,hêr,hê,huê,huê,huê,hêr,hê,hêr;hê,huê
139,[方]053,血,huih,huih,huih,hueh,hueh,hueh,huih,huih,huih,hueh
140,[方]409,危,guî,guî,uî,huî,huî,huî,guî,guî,guî;luî,guî;huî
141,[方]403,預,ǐr,īr,ū,ī,ī,ī,īr,ū,īr;ī,ī
142,[方]055,芫,ian,iân,iân,iân,iân,iân,uân,iân,iân,iân
143,[方]059,鴦,iunn,iunn,iunn,iunn,ionn,iunn,iunn,iunn,iunn,iunn
144,[方]060,養,iúnn,iúnn,iúnn,iúnn,iónn,iúnn,iúnn,iúnn,iúnn,iúnn
145,[方]061,舀,ió,ió,iúnn,iúnn,iónn,iúnn,iúnn,iúnn,ió,iúnn
146,[方]062,羊,iûnn,iûnn,iûnn,iûnn,iônn,iûnn,iûnn,iûnn,iûnn,iûnn
147,[方]063,洋,iûnn,iûnn,iûnn,iûnn,iônn,iûnn,iûnn,iûnn,iûnn,iûnn
148,[方]064,溶,iûnn,iûnn,iûnn,iûnn,iônn,iûnn,iûnn,iûnn,iûnn,iûnn
149,[方]065,陽(半陰～),iûnn,iûnn,iûnn,iûnn,iônn,iûnn,iûnn,iûnn,iûnn,iûnn
150,[方]066,樣,iǔnn,iūnn,iūnn,iūnn,iōnn,iūnn,iūnn,iūnn,iūnn,iūnn
151,[方]169,抓,liàu,jiàu,niàu,jiàu,jiàu,jiàu,liàu,jiàu,liàu;ngiàu,jiàu;giàu
152,[方]137,逐(追),lip,jip,lip,jik,jiok,jiok,tsip,jiok,lip,giok
153,[方]138,日,li̍t,ji̍t,li̍t,ji̍t,ji̍t; li̍t,ji̍t,li̍t,ji̍t,ji̍t;li̍t,ji̍t;gi̍t
154,[方]140,乳,lú,jú,lú,jí,jú; lú,jú,lú,jú,jú;lú,jú
156,[方]134,字,lǐ,jī,lī,jī,jī,jī,lī,jī,jī;lī,jī;gī
157,[方]132,挼,lêr,jêr,lê,juê,juê,juê,lêr,jê,jêr;lêr;lê,juê
158,[方]119,雞,kue,kere,kue,ke,ke,ke,kue,kue,kue,ke
159,[方]120,街,kue,kere,kue,ke,ke,ke,kue,kue,kue,ke
160,[方]121,疥,kuè,kerè,kuè,kè,kè,kè,kuè,kuè,kuè,kè
161,[方]122,膎,kuê,kerê,kuê,kê,kê,kê,kuê,kuê,kuê,kê
162,[方]097,更,kinn,kinn,kinn,kenn,kenn,kenn,kinn,kinn,kinn,kenn
163,[方]098,庚,kinn,kinn,kinn,kenn,kenn,kenn,kinn,kinn,kinn,kenn
164,[方]099,羹,kinn,kinn,kinn,kenn,kenn,kenn,kinn,kinn,kinn,kenn
165,[方]100,經,kinn,kinn,kinn,kenn,kenn,kenn,kinn,kinn,kinn,kenn
166,[方]101,驚(～蟄),kinn,kinn,kinn,kenn,kenn,kenn,kinn,kinn,kinn,kenn
167,[方]102,哽,kínn,kínn,kínn,kénn,kénn,kénn,kínn,kínn,x,kénn
168,[方]112,居,kir,kir,ku,ki,ku,ki,kir,ku,kir,ki
169,[方]113,車,kir,kir,ku,ki,ki,ki,kir,ku,kir;ki,ki
170,[方]114,矩,kír,kír,kú,kí,kí,kí,kír,kú,kír;kí,kí
171,[方]115,舉,kír,kír,kú,kí,kí,kí,kír,kú,kír;kí,kí
172,[方]116,據,kìr,kìr,kù,kì,kì,kì,kìr,kù,kìr;kì,kì
173,[方]117,鋸,kìr,kìr,kù,kì,kù,kì,kìr,kù,kìr;kì,kì
174,[方]094,屐(木～),kia̍h,kia̍h,kia̍h,kia̍h,kia̍h,kia̍h,khia̍h,khia̍h;kia̍h,kia̍h,kia̍h
175,[方]095,囝,kánn,kánn,kiánn,kiánn,kiánn,kiánn,kiánn,kiánn,kiánn,kiánn
176,[方]126,斤,kun,kirn,kun,kin,kin,kin,kun,kun,kun,kin
177,[方]127,巾,kun,kirn,kun,kin,kin,kin,kun,kun,kun,kin
178,[方]128,筋,kun,kirn,kun,kin,kin,kin,kun,kun,kun,kin
179,[方]129,近,kǔn; kūn,kīrn,kūn,kīn,kīn,kīn,kūn,kūn,kūn,kīn
180,[方]096,楗,kǐng,kīng,kīng,kīng,kīng,kīng,kīng,kān,kīng,kīng
181,[方]103,薑,kiunn,kiunn,kiunn,kiunn,kionn,kiunn,kiunn,kiunn,kiunn,kiunn
182,[方]104,羌,kiunn,kiunn,kiunn,kiunn,kionn,kiunn,kiunn,kiunn,kiunn,kiunn
183,[方]105,光,kng,kng,kng,kuinn,kng,kng,kng,kng,kng,kng
184,[方]106,捲,kńg,kńg,kńg,kuínn,kńg,kńg,kńg,kńg,kńg,kńg
185,[方]107,管,kńg,kńg,kńg,kuínn,kńg,kńg,kńg,kńg,kńg,kńg
186,[方]108,卷,kńg,kńg,kńg,kuínn,kńg,kńg,kńg,kńg,kńg,kńg
187,[方]109,貫,kǹg,kǹg,kǹg,kuìnn,kǹg,kǹg,kǹg,kǹg,kǹg,kǹg
188,[方]110,糕,ko,ko,ko,ko,kor,kor,ko,ko,ko,ko
189,[方]111,篙,ko,ko,ko,ko,kor,kor,ko,ko,ko,ko
190,[方]124,關(～門),kuinn,kuinn,kuinn,kuainn,kuainn,kuainn,kuinn,kuinn,kuinn,kuainn
191,[方]125,稈,x,kuínn,kuínn,x,kuáinn,kuáinn,kuáinn,kuínn,kuáinn,x
192,[方]118,縣,kuǎn,kuān,kuāinn,kuān,kuān,kuān,kuāinn,kuān,kuīnn,kuān
193,[方]067,果,kér,kér,ké,kué,kué,kué,kér,ké,kér;ké,kué
194,[方]068,粿,kér,kér,ké,kué,kué,kué,kér,ké,kér;ké,kué
195,[方]069,跂,kér,kér,ké,kué,kué,kué,kér,ké,kér;ké,kué
196,[方]070,過,kèr,kèr,kè,kuè,kuè,kuè,kèr,kè,kèr;kè,kuè
197,[方]071,髻,kèr,kèr,kè,kuè,kuè,kuè,kèr,kè,kèr;kè,kuè
198,[方]072,鱖,kèr,kèr,kè,kuè,kuè,kuè,kèr,kè,kèr;kè,kuè
199,[方]073,郭,kerh,kerh,keh,kueh,kueh,kueh,kerh,keh,kerh;keh,kueh
200,[方]089,溪,khue,khere,khue,khe,khe,khe,khue,khue,khue,khe
201,[方]090,契,khuè,kherè,khuè,khè,khè,khè,khuè,khuè,khuè,khè
202,[方]091,瞌,khueh,khereh,khueh,kheh,kheh,kheh,khueh,khueh,khueh,kheh
203,[方]078,坑,khinn,khinn,khinn,khenn,khenn,khenn,khinn,khinn,khinn,khenn
204,[方]088,去,khìr,khìr,khù,khì,khì,khì,khìr,khù,khìr;khì,khì
205,[方]076,奇(私～),kha,khia,khia,khia,khia,khia,khia,khia,khia,khia
206,[方]092,勤,khûn,khîrn,khûn,khîn,khîn,khîn,khûn,khûn,khûn,khûn
207,[方]093,芹,khûn,khîrn,khûn,khîn,khîn,khîn,khûn,khûn,khûn,khûn
208,[方]077,虹,khǐng,khīng,khīng,khīng,khīng,khīng,khīng,khīng,khīng,khīng
209,[方]079,搝(拉),giú,khiú; giú,khiú; giú,khiú; giú,khiú; giú,khiú; giú,khiú; giú,khiú; giú,khiú; giú,khiú; giú
210,[方]080,腔,khiunn,khiunn,khiunn,khiunn,khionn,khiunn,khiunn,khiunn,khiunn,khiunn
211,[方]081,姜(孟～女),khiunn,khiunn,khiunn,khiunn,khionn,khiunn,khiunn,khiunn,khiunn,x
212,[方]082,噤(～喙),khiūnn,khiūnn,khiūnn,khiūnn,khiōnn,khiūnn,x,x,khiūnn,khiūnn
213,[方]083,勸,khǹg,khǹg,khǹg,khuìnn,khǹg,khǹg,khǹg,khǹg,khǹg,khǹg
214,[方]087,顎,kok,kok,khok,kok,kok; khok,kok,khok,khok,kok,x
215,[方]084,考,khónn,khó,khó,khó,khór,khór,khó,khó,khó,khó
216,[方]085,可,khónn,khó,khó,khó,khór,khór,khó,khó,khó,khó
217,[方]086,靠,khò,khò,khò,khò,khòr,khòr,khò,khò,khò,khò
218,[方]074,課(工～),khèr,khèr,khè,khuè,khuè,khuè,khèr,khè,khìr,khuè
219,[方]075,缺,kherh,kherh,kheh,khueh,khueh,khueh,kherh,kheh,kherh;kheh,khueh
220,[方]131,儡,lér,lér,lé,lé,lé,lé,lér,lé,lér;lé,lé
221,[方]145,犁,luê,lerê,luê,lê,lê,lê,luê,luê,luê,lê
222,[方]133,螺,lêr,lêr,lê,lê,lê,lê,lêr,lê,lêr;lê,lê
223,[方]146,鑢(鋸～),luě,lerē,luē,lē,lē,lē,luē,luē,luē,lē
224,[方]147,笠,lue̍h,lere̍h,lue̍h,le̍h,le̍h,le̍h,lue̍h,lue̍h,lue̍h,le̍h
225,[方]141,你,lír,lír,lú,lí,lí,lí,lír,lú,lí;lír,lí
226,[方]143,呂,lǐr,līr,lū,lī,lī,lī,līr,lū,līr;lū,lū
227,[方]144,慮,lǐr,līr,lū,lī,lī,lī,līr,lū,līr;lī,lū
228,[方]130,蓮,liân,liân,lân,liân,liân,liân,nâi,lân,liân,liân
229,[方]167,奶,lin,lin,ni,ling,ni,ling,lin,ni,lin,ling
230,[方]135,鴒,lǐng,līng,līng,līng,līng,līng,līng,līng,līng,līng
231,[方]136,楝,lǐng,līng,līng,līng,līng,līng,līng,līng,līng,līng
232,[方]139,羅,lô,lô,lô,lô,lôr,lôr,lô,lô,lô,lô
233,[方]142,女,lír,lír,lú,lí,lú,lú,lír,lú,lír;lí,lí
234,[方]151,搣,mi,mi,mi,me,me,me,mi,mi,mi,me
235,[方]152,暝,mî,mî,mî,mê,mê,mê,mî,mî,mî,mê
236,[方]149,罵,mǎ,mā,mā,mē,mē,mē,mā,mī,mā,mē
237,[方]013,萵(～仔菜),er,er,e,ue,gor,meh,er,o,er,ue
238,[方]150,脈,me̍h,me̍h,me̍h,me̍h,me̍h,me̍h,be̍h,me̍h,be̍h,me̍h;mē
239,[方]153,毛,mn̂g,mn̂g,mn̂g,moo,moo; mn̂g,mn̂g,mn̂g,mn̂g,mn̂g,mn̂g
240,[方]154,門,mn̂g,mn̂g,mn̂g,muî,mn̂g,mn̂g,mn̂g,mn̂g,mn̂g,mn̂g
241,[方]155,問,mňg,mn̄g,mn̄g,muī,mn̄g,mn̄g,mn̄g,mn̄g,mn̄g,mn̄g
242,[方]156,謀,biô,biô,môo,môo,bôo; biôr,môo,bôo,bôo,biô,môo
243,[方]002,糜,bêr,bêr,bê,muê,muâi,muâi,bêr,bê,bêr;bê,muê
244,[方]148,梅(～仔),m̂,m̂,m̂,buê,muâi,muê,m̂,m̂,m̂;muî,muê;buê
245,[方]038,媒(～人),hm̂,hm̂,hm̂,muê,hm̂; muâi,muê,hm̂,hûn,hm̂,muê
246,[方]004,妹,běr,bēr,bē,muē,muē,muē,bēr,bē,bēr;bē,muē
247,[方]168,晾,nî,nê,nî,nê,nê,nê,nî,nî,nî,nê
248,[方]170,躡,nih,nih,nih,neh,neh,neh,nih,nih,nih,neh
249,[方]157,掩,ng,ng,ng,uinn,ng,ng,ng,ng,ng,ng
250,[方]158,阮,ńg,ńg,ńg,uínn,ńg,ńg,ńg,ńg,ńg,ńg
251,[方]159,䘼,ńg,ńg,ńg,uínn,ńg,ńg,ńg,ńg,ńg,ńg
252,[方]160,捥,ńg,ńg,ńg,uínn,ńg,ńg,áinn,áinn;ńg,ńg,ńg
253,[方]161,鈗,ńg,ńg,ńg,uínn,ńg,ńg,ńg,ńg,ńg,ńg
254,[方]162,黃,n̂g,n̂g,n̂g,uînn,n̂g,n̂g,n̂g,n̂g,n̂g,n̂g
255,[方]182,兩,nňg,nn̄g,nn̄g,nn̄g,nn̄g,nn̄g,nn̄g,nn̄g,nn̄g,nn̄g
256,[方]165,硬,ngǐ,ngī,ngī,ngē,ngē,ngē,ngī,ngī,ngī,ngē
257,[方]164,夾(～菜),gueh,gereh,ngeh,ngeh,ngeh,ngeh,ngueh,ngeh,gueh,ngeh
258,[方]123,莢(豆～),gueh,gereh,kueh,ngeh,ngeh,ngeh,ngueh,kueh,ngueh,ngeh
259,[方]166,吳,ngôo,ngôo,ngôo,gôo,gôo,ngôo,gôo,ngôo,ngôo,gôo
260,[方]171,兩,niú,niú,niú,niú,nióo,niú,niú,niú,niú,niú
261,[方]172,量,niû,niû,niû,niû,niôo,niû,niû,niû,niû,niû
262,[方]173,糧,niû,niû,niû,niû,niôo,niû,niû,niû,niû,niû
263,[方]174,娘,niû,niû,niû,niû,niôo,niû,niû,niû,niû,niû
264,[方]175,梁,niû,niû,niû,niû,niôo,niû,niû,niû,niû,niû
265,[方]176,樑,niû,niû,niû,niû,niôo,niû,niû,niû,niû,niû
266,[方]177,讓,niū,niū,niū,niū,niōo,niū,niū,niū,niū,niū
267,[方]178,量,niū,niū,niū,niū,niōo,niū,niū,niū,niū,niū
268,[方]179,軟,nńg,nńg,nńg,nuí,nńg,nńg,nńg,nńg,nńg,nńg
269,[方]180,軁(鑽),nǹg,nǹg,nǹg,nuì,nǹg,nǹg,nǹg,nǹg,nǹg,nǹg
270,[方]181,圇(加～),nn̂g,nn̂g,nn̂g,nuî,nn̂g,nn̂g,nn̂g,nn̂g,nn̂g,nn̂g
271,[方]183,卵,nňg,nn̄g,nn̄g,nuī,nn̄g,nn̄g,nn̄g,nn̄g,nn̄g,nn̄g
272,[方]188,芋,ǒo,ōo,ōo,ōo,ōo,ōo,ōo,ōo,ōo,ōo
273,[方]184,呵,o,o,o,o,or,or,o,o,o,o
274,[方]185,蚵,ô,ô,ô,ô,ôr,ôr,ô,ô,ô,ô
275,[方]186,僫,oh,oh,oh,oh,orh,orh,oh,oh,oh,oh
276,[方]187,學,o̍h,o̍h,o̍h,o̍h,o̍rh,o̍rh,o̍h,o̍h,o̍h,o̍h
277,[方]204,柄,pìnn,pìnn,pìnn,pènn,pènn,pènn,pìnn,pìnn,pìnn,pènn
278,[方]205,平,pînn,pînn,pînn,pênn,pênn,pênn,pînn,pînn,pînn,pênn
279,[方]206,棚,pînn,pînn,pînn,pênn,pênn,pênn,pînn,pînn,pînn,pênn
280,[方]207,病,pǐnn,pīnn,pīnn,pēnn,pēnn,pēnn,pīnn,pīnn,pīnn,pēnn
281,[方]203,反,píng; puínn,píng,píng,píng,píng,píng,páinn,pán,píng,píng
282,[方]208,方,png,png,png,puinn,png,png,png,png,png,png
283,[方]209,飯,pňg,pn̄g,pn̄g,puīnn,pn̄g,pn̄g,pn̄g,pn̄g,pn̄g,pn̄g
284,[方]217,斧,póo,póo,póo,phú,póo,póo,póo,póo,póo,póo
285,[方]218,哺,pǒo,pōo,pōo,pōo,pōo,pōo,pōo,pōo,pōo,pōo
286,[方]219,步,pǒo,pōo,pōo,pōo,pōo,pōo,pōo,pōo,pōo,pōo
287,[方]210,褒,po,po,po,po,por,por,po,po,po,po
288,[方]211,玻,po,po,po,po,por,por,po,po,po,po
289,[方]212,保,pó,pó,pó,pó,pór,pór,pó,pó,pó,pó
290,[方]213,寶,pó,pó,pó,pó,pór,pór,pó,pó,pó,pó
291,[方]214,報,pò,pò,pò,pò,pòr,pòr,pò,pò,pò,pò
292,[方]215,婆,pô,pô,pô,pô,pôr,pôr,pô,pô,pô,pô
293,[方]216,薄,po̍h,po̍h,po̍h,po̍h,po̍rh,po̍rh,po̍h,po̍h,po̍h,po̍h
294,[方]189,菠(～薐菜),per,per,pe,pue,pue,pue,per,pe,per;pe,pue
295,[方]190,飛,per,per,pe,pue,pue,pue,per,pe,per;pe,pue
296,[方]191,掰,pér,pér,pé,pué,pué,pué,pér,pé,pér;pé,pué
297,[方]192,賠,pêr,pêr,pê,puê,puê,puê,pêr,pê,pêr;pê,puê
298,[方]193,倍,pěr,pēr,pē,puē,puē,puē,pēr,pē,pēr;pē,puē
299,[方]194,焙,pěr,pēr,pē,puē,puē,puē,pēr,pē,pēr;pē,puē
300,[方]220,拔,pue̍h,pue̍h,pui̍h,pue̍h,pue̍h,pue̍h,pui̍h,pue̍h,pui̍h,pue̍h
301,[方]199,鼻,phǐ; phī,phī,phīnn,phīnn,phīnn,phīnn,phī,phīnn,phīnn,phīnn
302,[方]202,簿,phǒo,phōo,phōo,phōo,phōo,phōo,phōo,phōo,phōo,phōo
303,[方]200,抱,phǒ,phō,phō,phō,phōr,phōr,phō,phō,phō,phō
304,[方]201,粕,phoh,phoh,phoh,phoh,phorh,phorh,phoh,phoh,phoh,phoh
305,[方]195,胚,pher,pher,phe,phue,phue,phue,pher,phe,pher;phe,phue
306,[方]196,配,phèr,phèr,phè,phuè,phuè,phuè,phèr,phè,phèr;phè,phuè
307,[方]197,皮,phêr,phêr,phê,phuê,phuê,phuê,phêr,phê,phêr;phê,phuê
308,[方]198,被,phēr,phēr,phē,phuē,phuē,phuē,phēr,phē,phēr;phē,phuē
309,[方]259,黍,sué,seré,sué,sé,sé,sé,sué,sué,sué,sé
310,[方]260,洗,sué,seré,sué,sé,sé,sé,sué,sué,sué,sé
311,[方]261,細,suè,serè,suè,sè,sè,sè,suè,suè,suè,sè
312,[方]222,雪,serh,serh,seh,seh,seh,seh,serh,seh,serh;seh,seh
313,[方]224,踅,se̍rh,se̍rh,se̍h,se̍h,se̍h,se̍h,se̍rh,se̍h,se̍rh;se̍h,se̍h
314,[方]231,生,sinn,sinn,sinn,senn,senn,senn,sinn,sinn,sinn,senn
315,[方]232,牲,sinn,sinn,sinn,senn,senn,senn,sinn,sinn,sinn,senn
317,[方]234,姓,sìnn,sìnn,sìnn,sènn,sènn,sènn,sìnn,sìnn,sìnn,sènn
318,[方]235,性(～命),sìnn,sìnn,sìnn,sènn,sènn,sènn,sìnn,sìnn,sìnn,sènn
319,[方]257,嶼,sǐr,sīr,sū,sī,sī,sū,sīr,sū,sīr,sū
320,[方]226,鉎,san,san,sian,sian,sian,sian,san,san,san,sian
321,[方]227,雙,sang,sang,siang,siang,siang,siang,sang,sang,sang,siang
322,[方]228,參,serm,sim; som,sim,som,som,sim,sim,sim;song,sim,som
323,[方]229,森,serm,sim; som,sim,som,sim,sim,sim,sim,sim,som
324,[方]230,芟,sng,sing,sing,sing,sing,sing,san,san,sing,sing
325,[方]236,箱,siunn,siunn,siunn,siunn,sionn,siunn,siunn,siunn,siunn,siunn
326,[方]237,相,siunn,siunn,siunn,siunn,sionn,siunn,siunn,siunn,siunn,siunn
327,[方]238,傷,siunn,siunn,siunn,siunn,sionn,siunn,siunn,siunn,siunn,siunn
328,[方]239,賞,siúnn,siúnn,siúnn,siúnn,siónn,siúnn,siúnn,siúnn,siúnn,siúnn
329,[方]240,鯗,siúnn,siúnn,siúnn,siúnn,siónn,siúnn,siúnn,siúnn,siúnn,siúnn
330,[方]241,相,siùnn,siùnn,siùnn,siùnn,siònn,siùnn,siùnn,siùnn,siùnn,siùnn
331,[方]242,𣻸,siûnn,siûnn,siûnn,siûnn,siônn,siûnn,siûnn,siûnn,siûnn,siûnn
332,[方]243,想,siǔnn,siūnn,siūnn,siūnn,siōnn,siūnn,siūnn,siūnn,siūnn,siūnn
333,[方]244,尚,siǔnn,siūnn,siūnn,siūnn,siōnn,siūnn,siūnn,siūnn,siūnn,siūnn
334,[方]245,酸,sng,sng,sng,suinn,sng,sng,sng,sng,sng,sng
335,[方]246,損,sńg,sńg,sńg,suínn,sńg,sńg,sńg,sńg,sńg,sńg
336,[方]247,算,sǹg,sǹg,sǹg,suìnn,sǹg,sǹg,sǹg,sǹg,sǹg,sǹg
337,[方]248,鎖,só,só,só,só,sór,sór,só,só,só,só
338,[方]249,嫂,só,só,só,só,sór,sór,só,só,só,só
339,[方]250,燥,sò,sò,sò,sò,sòr,sòr,sò,sò,sò,sò
340,[方]251,埽(糞～),sò,sò,sò,sò,sòr,sòr,sò,sò,sò,sò
341,[方]252,趖,sô,sô,sô,sô,sôr,sôr,sô,sô,sô,sô
342,[方]253,索,soh,soh,soh,soh,sorh,sorh,soh,soh,soh,soh
343,[方]254,師,sir,sir,su,su,su,su,sir,su,sir;su,su
344,[方]255,嗣,sîr,sîr,sû,sû,sû,sû,sîr,sû,sîr,sû
345,[方]256,殊,sîr,sîr,sû,sû,sû,sû,sîr,sû,sû,sû
346,[方]258,事,sǐr,sīr,sū,sū,sū,sū,sīr,sū,sīr,sū
347,[方]221,稅,sèr,sèr,sè,suè,suè,suè,sèr,sè,sèr;sè,suè
348,[方]223,說,serh,serh,seh,sueh,sueh,sueh,serh,seh,serh;seh,sueh
349,[方]263,炱,ter,ter,te,te,te,te,ter,te,ter;te,te
350,[方]397,底,tué,teré,tué,té,té,té,tué,tué,tué,té
351,[方]264,短,tér,tér,té,té,té,té,tér,té,tér;té,té
352,[方]265,戴(姓),tèr,tèr,tè,tè,tè,tè,tèr,tè,tèr;tè,tè
353,[方]266,塊,tèr,tèr,tè,tè,tè,tè,tèr,tè,tèr;tè,tè
355,[方]398,題,tuê,terê,tuê,tê,tê,tê,tuê,tuê,tuê,tê
356,[方]399,蹄,tuê,terê,tuê,tê,tê,tê,tuê,tuê,tuê,tê
357,[方]400,苧,tuē,terē,tuē,tē,tē,tē,tuē,tuē,tuē,tē
358,[方]401,地,tuě; tuē,terē,tuē,tē,tē,tē,tuē,tuē,tuē,tuē
359,[方]269,袋,těr,tēr,tē,tē,tē,tē,tēr,tē,tēr;tē,tē
360,[方]283,蹬,tinn,tinn,tinn,tenn,tenn,tenn,tinn,tinn,tinn,tenn
361,[方]284,瞪,tìnn,tìnn,tìnn,tènn,tènn,tènn,tìnn,tìnn,tìnn,tènn
362,[方]285,鄭,tīnn,tīnn,tīnn,tēnn,tēnn,tēnn,tīnn,tīnn,tīnn,tēnn
363,[方]286,捏,tīnn,tīnn,tīnn,tēnn,tēnn,tēnn,tīnn,tīnn,tīnn,tēnn
364,[方]392,豬,tir,tir,tu,ti,ti,ti,tir,tu,tir;ti,ti
365,[方]016,枇(～杷),khî,khî,gî,gî,tî,tî,khî,pî,khî,gî
366,[方]393,除,tîr,tîr,tû,tî,tî,tî,tîr,tû,tîr;tû,tî
367,[方]394,鋤,tîr,tîr,tû,tî,tî,tî,tîr,tû,tîr;tî,tî
368,[方]395,箸,tǐr,tīr,tū,tī,tī,tī,tīr,tū,tīr;tī,tī
369,[方]396,佇(在),tǐr,tīr,tū,tī,tī,tī,tī,tū,tī,tī
370,[方]281,釘,tan,ting,ting,ting,ting,ting,tan,tan,ting,ting
371,[方]282,𠕇,tǐng,tīng,tīng,tīng,tīng,tīng,tīng,tān;tīng,tīng,tīng
372,[方]287,中,tiong,tiong,tiong,ting,tiong,tiong,tiong,tiong,tiong,tiong
373,[方]288,張,tiunn,tiunn,tiunn,tiunn,tionn,tiunn,tiunn,tiunn,tiunn,tiunn
374,[方]289,長,tiúnn,tiúnn,tiúnn,tiúnn,tiónn,tiúnn,tiúnn,tiúnn,tiúnn,tiúnn
375,[方]290,帳,tiùnn,tiùnn,tiùnn,tiùnn,tiònn,tiùnn,tiùnn,tiùnn,tiùnn,tiùnn
376,[方]291,脹,tiùnn,tiùnn,tiùnn,tiùnn,tiònn,tiùnn,tiùnn,tiùnn,tiùnn,tiùnn
377,[方]292,漲,tiùnn,tiùnn,tiùnn,tiùnn,tiònn,tiùnn,tiùnn,tiùnn,tiùnn,tiùnn
378,[方]293,場,tiûnn,tiûnn,tiûnn,tiûnn,tiônn,tiûnn,tiûnn,tiûnn,tiûnn,tiûnn
379,[方]294,丈,tiǔnn,tiūnn,tiūnn,tiūnn,tiōnn,tiūnn,tiūnn,tiūnn,tiūnn,tiūnn
380,[方]295,轉,tńg,tńg,tńg,tuínn,tńg,tńg,tńg,tńg,tńg,tńg
381,[方]296,頓(一～),tǹg,tǹg,tǹg,tuìnn,tǹg,tǹg,tǹg,tǹg,tǹg,tǹg
382,[方]297,斷,tňg,tn̄g,tn̄g,tuīnn,tn̄g,tn̄g,tn̄g,tn̄g,tn̄g,tn̄g
383,[方]270,啄(～蛀),terh,x,teh,teh,tok,tok,terh,teh,tok,tok
384,[方]305,肚,tǒo,tōo,tōo,tōo,tōo,tōo,tōo,tōo,tōo,tōo
385,[方]306,度,tǒo,tōo,tōo,tōo,tōo,tōo,tōo,tōo,tōo,tōo
386,[方]298,刀(～仔),to,to,to,to,tor,tor,to,to,to,to
387,[方]299,倒(跋～),tó,tó,tó,tó,tór,tór,tó,tó,tó,tó
388,[方]304,島,tóo,tóo,tóo,tó,tór,tór,tó,tóo,tóo,tó
389,[方]300,倒(～掉),tò,tò,tò,tò,tòr,tòr,tò,tò,tò,tò
390,[方]301,萄(葡～),tô,tô,tô,tô,tôr,tôr,tô,tô,tô,tô
391,[方]302,桌,toh,toh,toh,toh,torh,torh,toh,toh,toh,toh
392,[方]303,著,to̍h,to̍h,to̍h,to̍h,to̍rh,to̍rh,to̍h,to̍h,to̍h,to̍h
393,[方]268,綴,tèr,tèr,tè,tuè,tuè,tuè,tèr,tè,tèr;tè,tuè
394,[方]310,蠶,tshâm,tshâm,tshâm,tshâm,thâm,thâm,tshâm,tshâm,tshâm,tshâm
395,[方]271,推,ther,ther,the,the,the,the,ther,the,ther;the,the
396,[方]280,替,thuè,therè,thuè,thè,thè,thè,thuè,thuè,thuè,thè;thuè
397,[方]272,退,thèr,thèr,thè,thè,thè,thè,thèr,thè,thèr;thuè,thè;thuè
398,[方]273,頭,thiô,thiô,thiô,thôo,thiôr,thiôr,thôo,thôo,thiô,x
399,[方]274,褪(脫),thǹg,thǹg,thǹg,thuìnn,thǹg,thǹg,thǹg,thǹg,thǹg,thǹg
400,[方]275,傳,thn̂g,thn̂g,thn̂g,thuînn,thn̂g,thn̂g,tuân,x,thn̂g,thn̂g
401,[方]276,熥(再熱),thňg,thn̄g,thn̄g,thuīnn,thn̄g,thn̄g,thn̄g,thn̄g,thn̄g,thn̄g
402,[方]277,討,thó,thó,thó,thó,thór,thór,thó,thó,thó,thó
403,[方]278,桃(～仔),thô,thô,thô,thô,thôr,thôr,thô,thô,thô,thô
404,[方]279,迌(迌～),thô,thô,thô,thô,thôr,thôr,thô,thô,thô,thô
405,[方]402,寓,ú,ú; ù,ú,ú,ú,ú,ú,gū,ú,ú
406,[方]014,鍋,er,er,e,ue,ue,ue,er,e,er;e,ue
407,[方]410,畫,uě,uī,uī,uē,uē,uē,uī,uī,uī,uē
408,[方]411,劃,ue̍h,ui̍h,ui̍h,ue̍h,ue̍h,ue̍h,ui̍h,ui̍h,ui̍h,ue̍h
409,[方]412,恩,un,irn,un,in,un; in,un,un,un,un,un
410,[方]262,刐,x,x,táinn,x,x,x,táinn,tán,x,x
411,[方]391,截(刀切),tsue̍h,tsere̍h,tsue̍h,x,x,x,tsue̍h,tsue̍h,tsue̍h,x
412,[方]326,樹(～梅),tshiū,tshiū,tshiū,x,x,x,tshiū,tshiūnn,x,x
413,[方]413,著,tio̍h,tio̍h,tio̍h,tio̍h,tio̍rh,tio̍rh,tio̍h,tio̍h,tio̍h,tio̍h
415,[方]415,吠,puǐ,puī,puī,puī,puī,puī,puī,puī,puī,puī
416,[方]416,阮,gún,gún,gún,gúan,guán(男);gún(女),guán,guán,guán,gún,gún
417,[方]417,拌,puǎnn,puānn,puānn,puānn,puānn,puānn,puānn,puānn,puānn,puānn
418,[方]418,迒,hâ,hānn,hānn,hānn,hānn,hānn,hānn,hānn,hānn,hānn
419,[方]419,厚,kǎu,kāu,kāu,kāu,kāu,kāu,kāu,kāu,kāu,kāu
420,[方]420,耎,luán,juán,luán,luán,juán,luán,luán,juán,luán,luán
421,[方]421,捋,lua̍h,lua̍h,lua̍h,lua̍h,lua̍h,lua̍h,lua̍h,lua̍h,lua̍h,lua̍h
422,[方]422,䖙,the,the,the,thenn; the,the,the,the,the,the,thenn
423,[方]423,八,pueh,pueh,pueh,peh,peh,peh,pueh,pueh,pueh,peh
424,[方]424,予,hǒo,hōo,hōo,hōo,hōo,hōo,hōo,hōo,hōo,hōo
